-0.997497,-0.705008,-0.126621,0.219275,0.0848109,-0.922849,0.449873,-0.837031,-0.723136,0.738884,0.627674,0.917661,-0.175451,0.796075,0.209143,-0.162816,-0.850764,-0.496628,-0.702628,0.139012,-0.901852,-0.896542,0.546251,0.153722,0.194311,0.0773644,-0.589587,0.575243,-0.113559,-0.60564,0.395306,0.710807,0.799249,0.762139,-0.692862,0.730766,0.982971,0.8764,-0.497116,-0.0810877,0.163732,-0.328654,0.140355,0.922422,-0.00643941,0.569445,0.428022,0.00137333,0.300089,0.731376,-0.124668,-0.72045,-0.663259,-0.693899,0.542344,0.993835,0.0328684,-0.319071,-0.710074,-0.255776,0.243507,-0.268593,0.0298776,0.744255,0.999512,0.0713218,-0.0254219,0.0706503,0.757317,0.302835,-0.112705,0.91345,-0.350566,-0.733757,0.332011,-0.174108,-0.265908,-0.709647,-0.0763878,0.974548,-0.754936,0.442122,-0.422407,0.389203,0.84228,0.776666,0.76043,0.21305,-0.138951,0.587573,-0.260842,0.952574,0.562853,0.656606,-0.168249,-0.272744,0.384625,0.503891,-0.342998,0.52031
0.127171,0.899167,-0.535142,0.912229,0.969665,-0.495834,-0.602588,0.613086,0.268532,0.522752,-0.906735,0.214454,0.849422,-0.0312815,-0.292032,0.21659,-0.989624,0.641285,-0.505234,-0.470138,-0.227638,-0.625294,-0.945494,0.725028,0.128758,0.28843,0.585803,-0.717277,0.295755,0.03708,-0.86523,0.843989,0.962035,-0.939573,-0.154576,0.459822,0.539048,0.833369,-0.790887,-0.158483,0.410932,-0.884091,0.315165,0.610523,0.184484,-0.796625,0.100253,-0.451704,0.939024,-0.823908,0.598987,-0.153417,0.476608,-0.850337,0.193396,0.35728,0.572069,0.524766,0.863338,0.842402,0.222633,-0.762871,-0.563707,-0.775933,0.898434,-0.992126,0.837336,0.834712,-0.207862,0.593249,-0.660756,-0.333293,-0.930967,-0.965636,-0.187597,-0.377178,-0.882809,0.907895,0.975036,-0.234169,-0.202673,-0.424726,0.642689,-0.431379,-0.307413,0.433515,0.97882,0.164464,-0.640919,0.164403,-0.255531,-0.403546,0.575365,-0.0149236,-0.451643,0.0680868,-0.40727,0.897885,-0.903134,-0.807001
-0.613392,-0.716849,0.155736,-0.855464,-0.892392,-0.621448,0.388043,0.710685,0.100803,-0.921751,0.628407,0.576464,0.202124,-0.347087,-0.277505,0.553514,0.829585,0.0175481,-0.776849,-0.777093,-0.766717,0.98175,-0.359722,0.185339,0.745415,-0.50029,0.690725,0.310953,-0.970153,0.920286,-0.451765,-0.0105289,0.333048,-0.763604,-0.906186,-0.619922,-0.267067,-0.66393,0.165502,0.661672,-0.610096,-0.748527,-0.19187,0.282449,0.796136,0.409467,-0.47618,-0.789727,-0.974181,-0.118686,-0.478439,-0.817499,0.985534,0.632984,0.967528,0.956114,-0.336711,-0.225135,0.234657,0.557421,0.379681,0.811945,-0.846797,-0.467635,-0.963012,-0.106418,-0.739677,-0.803461,0.369854,0.0638752,0.0502029,0.885006,0.194494,-0.488632,-0.775933,0.202124,-0.340495,-0.180944,0.940245,-0.727897,-0.504563,0.214637,0.0639363,0.988647,0.26487,-0.179846,0.417585,-0.735282,0.612293,-0.0976287,-0.969665,-0.71691,-0.48558,0.122349,0.388897,-0.254006,0.529954,0.785943,0.686392,-0.874874
0.617481,0.810236,0.065157,0.751274,-0.837153,-0.504624,0.231422,-0.750725,0.966979,-0.166662,-0.520005,-0.154576,-0.415693,0.074984,0.336222,-0.832698,-0.176672,-0.462569,-0.795953,-0.465743,0.996338,-0.145604,-0.383343,0.206702,0.16953,0.225806,-0.514084,0.636647,-0.587024,0.668142,0.352702,-0.282571,-0.949156,-0.735893,0.636647,-0.966124,0.911069,-0.586962,0.88641,0.112217,-0.424726,-0.919431,-0.970397,-0.330058,-0.370525,0.0487381,-0.3773,0.866146,0.913327,-0.834101,-0.899045,0.551073,-0.229835,-0.402936,-0.971252,0.516648,0.297647,0.073397,-0.650746,0.746147,-0.402875,0.142613,-0.365459,0.664052,-0.976135,-0.581286,0.335551,0.386456,-0.562914,0.832331,0.032197,-0.0292062,0.449873,-0.119907,0.683279,0.665944,-0.320841,-0.124424,0.876522,0.162084,-0.00405896,-0.801752,-0.921506,-0.159093,0.775018,0.54442,0.884884,0.0254219,-0.854915,0.176489,0.269875,-0.769829,-0.761162,-0.826716,0.836909,-0.589038,-0.557237,0.68041,-0.931761,-0.784906
0.170019,0.385784,0.257363,0.307718,0.0493484,-0.692984,0.309793,-0.385052,-0.0731529,0.87225,0.79577,0.636769,-0.0484939,0.141575,0.952086,-0.697623,0.510666,0.97589,0.379009,0.466903,0.479843,0.286843,-0.710074,0.161046,-0.527207,0.286966,0.76165,-0.158483,0.0917692,0.739433,0.984069,0.640675,0.177099,-0.791681,-0.489547,-0.383404,-0.942625,-0.69158,-0.492538,0.00338755,-0.200354,0.955382,0.00491348,-0.539354,-0.540819,0.615467,0.14597,0.323954,-0.670644,-0.444136,-0.563097,-0.145482,-0.807855,0.0945769,-0.00241096,0.489547,-0.432478,-0.149815,0.810846,0.0918302,-0.0361644,-0.00772118,-0.0270089,0.199927,-0.87225,-0.508896,0.943602,0.278359,-0.705741,-0.632252,0.795343,-0.0327464,0.436506,0.94409,0.464461,-0.667348,0.515976,0.0926237,-0.999756,-0.883724,-0.267617,-0.51323,-0.184545,0.985717,0.773919,0.850826,0.935972,-0.215796,-0.933226,-0.790338,-0.749016,-0.219153,-0.974364,-0.861019,0.763054,0.920713,0.303385,-0.984558,0.837886,-0.92584
-0.0402539,-0.393902,-0.679617,-0.355754,-0.146397,0.240638,0.0879849,0.146641,-0.570421,-0.864498,-0.486984,0.478927,-0.196692,-0.326945,-0.552721,-0.584155,-0.624683,0.833064,0.652882,0.954955,-0.918332,0.442854,0.0518509,-0.434004,-0.356792,0.427656,-0.0232856,-0.558153,0.816218,0.060152,-0.580187,-0.252113,0.641896,-0.789178,-0.716117,-0.128025,0.696768,-0.402264,-0.368267,0.674917,-0.657582,0.0366527,0.936277,-0.26017,0.975829,-0.309061,-0.669424,0.622852,-0.721305,-0.678457,-0.141942,0.102573,0.468307,0.5374,-0.277932,-0.569811,0.546861,-0.955382,-0.46379,-0.420209,0.551683,-0.102634,0.574206,0.497848,-0.194555,0.747307,0.0199286,0.353679,-0.834101,-0.906369,0.217505,0.789178,0.275857,-0.466475,-0.0789514,0.168798,0.81341,-0.988464,-0.454939,0.829951,-0.258339,0.0699789,0.413984,0.332316,0.55913,0.0987274,0.0124821,0.708609,0.54912,0.585498,-0.764641,-0.286111,0.030427,0.36552,-0.362224,0.0760216,-0.39317,0.8717,0.684744,0.745598
-0.299417,-0.146886,0.00827052,-0.790399,-0.810663,0.770745,-0.8034,-0.0540483,-0.398602,-0.670278,-0.461287,-0.728446,0.902646,-0.30369,0.791559,-0.825312,-0.796564,-0.756523,-0.0185247,-0.0242012,-0.991211,0.801508,-0.345561,0.577258,-0.531846,0.907407,0.126011,0.713553,0.625538,0.0553911,-0.268838,-0.799005,-0.330546,0.946837,-0.925596,0.188269,-0.817072,0.73986,-0.720084,-0.594226,-0.606311,-0.700186,0.24131,0.416181,0.423811,-0.55089,0.8717,0.863948,0.539964,-0.783074,-0.646352,0.725822,0.403241,0.089816,-0.610462,0.560411,-0.680532,-0.738884,0.451094,-0.241615,-0.511093,-0.118686,0.0294504,0.792535,0.256325,-0.692129,-0.114475,-0.532579,0.361003,-0.644704,0.299661,-0.829951,0.186865,0.545152,0.321635,-0.880917,0.0121769,0.355998,0.0209662,0.615528,0.259987,-0.526536,0.736442,-0.707999,-0.252358,0.0401318,-0.673391,-0.636341,-0.0627766,-0.0942106,0.419477,-0.122715,-0.814936,0.87701,0.662526,0.961913,0.992431,0.96765,0.972839,0.0785241
0.791925,-0.859249,0.926084,0.0101016,-0.482406,0.87817,0.0907315,0.524094,0.564318,-0.577441,-0.583972,0.0330515,0.0967132,-0.66155,-0.30607,-0.365459,-0.153722,-0.431135,-0.0925016,-0.570177,0.360515,0.685904,0.481429,-0.225684,0.253578,0.140538,0.531724,0.527146,-0.544053,-0.487289,-0.884213,0.30137,0.464522,-0.238746,0.482589,-0.285989,-0.407514,0.4738,-0.677786,0.636036,0.219642,-0.883114,0.0164495,-0.557787,0.042085,0.286294,-0.111789,0.261269,0.322367,0.956236,0.452132,0.225867,-0.860714,-0.269997,0.66393,0.722526,0.638295,0.0900601,0.170934,0.641652,0.280984,-0.352641,0.561876,-0.372417,0.0956145,-0.60802,0.61681,-0.671377,-0.0732749,0.942991,-0.442793,0.647023,0.685171,-0.20188,0.29606,0.988647,-0.401654,0.584277,0.687613,-0.486435,-0.539903,0.306986,0.77752,0.385723,-0.11948,-0.399091,0.0530107,0.0227973,0.53618,-0.0204779,0.692557,0.346538,0.420087,-0.914792,0.816156,0.0325022,-0.908444,-0.0606403,-0.264992,-0.239784
0.64568,0.933226,0.391522,-0.545824,0.783074,-0.608692,-0.900754,-0.61626,-0.31492,-0.766167,-0.541246,-0.959838,0.669851,-0.41966,0.907041,-0.0563677,0.355876,0.413923,0.306864,0.602405,0.912839,0.830683,0.196997,0.763237,0.310831,-0.709769,-0.958251,-0.339152,0.571032,-0.134556,-0.518601,0.268654,0.0152287,0.492355,0.581896,-0.451949,-0.483993,-0.779717,0.084994,0.698904,0.746941,0.46202,0.658254,-0.59093,0.43199,-0.756645,0.144993,0.105014,0.59624,-0.546373,-0.185705,0.201331,0.815424,0.0953093,0.611072,0.350932,0.466048,-0.465804,-0.594043,0.694937,0.975402,-0.25071,-0.754631,-0.887204,0.0716269,0.583056,-0.398297,-0.527696,0.0335398,-0.009064,0.622791,-0.120518,-0.0591754,0.292032,-0.617542,0.928648,-0.0760826,0.418439,0.130345,-0.0477615,-0.586047,0.165563,0.541795,-0.728751,-0.606922,0.442305,-0.032136,0.444807,0.643971,-0.479415,-0.314493,0.52031,0.00021363,-0.714225,-0.852596,0.283486,0.596118,-0.513474,0.232154,0.508286
0.49321,0.366375,0.849605,-0.419416,-0.534471,0.559313,0.949156,0.45555,-0.038789,0.182226,0.692312,-0.986023,0.588855,-0.561449,0.330241,0.258278,0.0548418,-0.0581378,-0.162999,0.225806,0.413251,-0.0340281,0.159093,-0.760918,0.315653,-0.305338,0.465865,-0.844111,0.261391,0.47203,-0.60094,0.61919,-0.152501,0.0523392,0.323466,0.306864,-0.981445,-0.150121,0.576098,0.182165,-0.683035,0.189306,0.716971,0.743461,-0.867367,-0.444929,-0.221473,0.27427,0.953185,-0.15775,0.515976,0.093234,0.613758,-0.39433,0.657216,-0.195837,0.547411,-0.689383,0.152623,0.546129,-0.965331,0.582324,0.42552,0.24308,-0.54619,-0.54387,-0.378399,0.854488,-0.469283,-0.372112,-0.140599,-0.375347,0.588916,-0.296793,0.479965,0.333354,0.799554,0.448103,-0.702872,0.545213,0.431562,0.0386059,-0.152623,0.860164,-0.898556,-0.689077,0.63976,0.163244,-0.976623,-0.988403,0.405927,0.874813,0.259255,-0.95294,-0.649586,0.200049,-0.0315867,-0.265908,0.400311,-0.620289
-0.651784,-0.693533,-0.620106,0.839961,-0.7069,0.291116,-0.0719321,0.990051,0.216041,-0.763298,0.749687,0.496628,0.60332,0.845637,-0.596667,-0.334452,0.648427,-0.410504,0.279824,-0.302957,0.501755,-0.040376,0.851741,0.935911,0.520859,0.716849,-0.0760826,-0.878658,-0.479843,-0.858577,-0.116855,-0.36259,-0.978759,-0.716727,0.94818,-0.237709,-0.497238,0.211829,-0.580126,0.919065,0.650319,0.265969,-0.0688803,0.925047,-0.393658,-0.695853,-0.30314,0.242286,-0.779229,0.954405,0.76397,0.22721,0.30015,0.864193,0.261391,-0.619068,-0.141697,0.950621,0.650258,-0.400983,-0.634144,-0.349834,-0.0265816,0.421552,-0.999268,0.169103,0.106052,-0.71691,-0.102206,0.733024,-0.994812,-0.237037,0.398785,0.837092,0.960082,-0.165319,0.302591,-0.504074,0.841731,0.116611,-0.884823,-0.506088,0.353374,0.121494,0.299539,-0.365215,0.280251,0.506516,-0.47441,0.991821,0.739616,-0.676504,0.920469,-0.842219,-0.569323,0.26896,-0.682058,0.495224,-0.115146,0.933653
0.717887,0.754509,-0.328104,0.102329,-0.749809,0.313517,0.93994,-0.969298,-0.794977,0.236549,0.775384,-0.332255,0.185705,0.479354,-0.435286,-0.841365,0.674368,-0.310709,-0.801569,-0.0347606,-0.717826,0.455,0.320902,-0.884518,-0.000762963,0.556566,-0.419721,-0.545824,-0.555467,0.215491,0.878903,0.892148,0.115818,-0.655385,0.622608,-0.343364,-0.360027,0.798456,0.971557,-0.45848,0.0226142,-0.377483,-0.91052,-0.843013,0.898373,0.303995,0.39433,-0.820429,0.780633,0.0214545,-0.192358,-0.397687,0.311869,-0.105258,-0.994934,0.984558,-0.486618,0.235267,-0.333781,-0.297952,-0.96466,-0.20426,0.724357,-0.803034,-0.593066,-0.979675,-0.38316,-0.771905,0.286172,-0.705374,-0.465072,-0.879757,-0.290139,0.195532,0.673757,-0.985046,-0.656056,0.741508,-0.517747,-0.87994,-0.266823,0.642201,-0.08652,0.959777,-0.448897,-0.451094,0.674245,0.624622,0.850398,0.304178,0.475326,0.0216987,0.312357,0.191992,-0.71868,0.124546,0.497482,0.18778,-0.439192,0.222999
0.421003,0.643361,-0.6433,0.325602,0.863277,0.818293,0.455733,0.295267,0.968871,0.160192,0.689566,0.804254,0.740165,0.614002,-0.289102,0.229041,-0.457015,0.0502029,0.661184,0.997009,0.356548,0.515427,0.419599,-0.163915,0.0229804,0.481796,-0.145909,0.0252998,-0.501938,-0.902646,0.0705893,-0.355754,0.10062,0.435896,0.663381,-0.176611,-0.237098,-0.252968,-0.0348827,0.993957,-0.719657,-0.293985,-0.703482,-0.862239,0.561754,0.664113,-0.783074,0.0378735,0.879086,0.898129,-0.226356,-0.472396,-0.882382,0.860836,0.752373,-0.258583,0.0260933,-0.569445,-0.0729087,-0.635609,0.466292,0.16184,-0.689871,-0.117527,-0.336589,-0.46556,-0.59801,-0.16776,-0.544176,-0.795648,-0.558458,-0.94879,0.545335,0.253151,-0.344157,0.927793,0.746941,-0.561876,-0.489669,0.650746,-0.761223,-0.557421,-0.0413526,-0.540086,0.812677,-0.87463,-0.307169,0.896115,0.123264,-0.228675,-0.607044,-0.949522,-0.0612506,-0.659169,-0.022248,0.815302,-0.609485,0.720267,0.853816,0.133396
0.0270699,0.164098,0.990356,-0.770928,-0.839778,-0.0890835,0.0619221,0.383282,0.511643,0.380596,0.218543,-0.0754723,-0.363872,0.300882,0.0639973,-0.714347,-0.00100711,0.622242,-0.262734,-0.252663,0.225501,-0.232093,0.162572,-0.312296,-0.648915,0.883724,0.299112,-0.167333,0.0713828,-0.912046,0.391339,0.505844,-0.00778222,0.722037,-0.781121,0.878414,0.879452,0.599536,-0.653554,0.219153,-0.0908536,-0.743156,0.374065,-0.855342,0.9176,0.203284,0.186743,0.869137,-0.348857,-0.829585,0.204627,0.454268,-0.983581,-0.637257,0.633229,0.0597247,0.33018,0.707327,-0.287027,0.19248,0.569201,-0.896298,0.969726,0.957518,-0.379559,-0.32548,0.464095,-0.692984,-0.468795,0.0146794,0.0422681,0.29136,-0.241188,-0.558153,0.585376,0.308206,0.420759,0.246437,-0.740287,0.353008,-0.455428,0.941404,0.766778,-0.731315,0.318278,-0.487655,0.593188,0.996277,0.33964,0.667714,0.260781,-0.176183,0.866817,-0.911679,0.576403,-0.362346,0.0681478,0.677969,0.88226,-0.828669
-0.39201,-0.617298,-0.0851161,-0.0149236,-0.90582,0.842586,0.359844,-0.651723,-0.698233,0.463118,-0.91821,0.535813,0.878353,0.373394,-0.418012,-0.438581,0.740898,0.0344554,0.755913,0.895993,0.325968,0.489242,-0.856441,-0.282876,-0.160253,0.612842,-0.820307,0.159825,0.50792,-0.637684,-0.556505,-0.434187,0.825617,0.0268868,0.908567,0.734062,0.807489,0.477645,-0.806879,0.170446,0.237831,-0.582263,0.810114,0.337931,0.920408,0.632496,-0.583483,-0.0934782,0.928587,-0.760979,0.0643635,0.00320444,0.855098,-0.0632649,-0.550035,0.462081,0.0623493,-0.743156,0.16422,0.0741295,0.932249,-0.187231,0.942503,0.83758,-0.883847,0.549791,0.914792,0.207434,-0.21482,0.995422,-0.144566,-0.654042,-0.120273,-0.491012,0.433638,-0.627674,0.359783,-0.468001,0.462813,-0.387249,0.454939,-0.161962,-0.848994,-0.149449,-0.0857875,0.782525,-0.649037,0.575976,-0.743645,0.553087,-0.190344,-0.763665,0.0194403,-0.580798,-0.581164,0.486068,-0.988891,-0.017365,-0.535325,0.436506
-0.970031,-0.644215,0.996033,-0.241737,-0.882565,0.328349,0.385601,-0.85577,-0.0871914,0.831294,-0.652944,-0.898984,-0.464156,-0.459822,-0.560045,0.649953,-0.702017,-0.865352,0.0400708,-0.558763,0.952025,-0.45201,-0.410504,-0.996033,-0.0580157,-0.782403,0.846919,-0.00381481,0.653554,0.334696,0.137303,-0.545152,-0.336406,0.0943327,0.6021,0.0456862,0.990539,-0.0544145,-0.550951,-0.686453,-0.655873,0.841426,-0.797479,0.932066,-0.624439,0.488693,0.953124,-0.0462966,0.927488,0.598071,-0.392193,0.0599689,0.283792,0.134312,-0.85992,0.811335,-0.580004,0.565966,-0.160192,0.896847,-0.747246,-0.88464,-0.43675,-0.615162,0.8905,0.00918607,0.983093,0.972411,0.882687,-0.272561,0.838313,-0.764641,0.470382,0.254433,-0.815546,-0.121128,0.835994,0.328288,0.643544,-0.0134587,0.353435,0.690909,-0.346416,-0.728935,-0.162145,-0.661733,-0.280496,-0.675771,-0.204016,0.770257,0.662404,0.86639,-0.324137,-0.759575,-0.130345,0.99707,-0.883053,0.00656148,-0.454756,0.444502
-0.817194,0.634388,-0.804987,-0.00637837,-0.327189,-0.698477,-0.255776,-0.450056,0.423261,0.339457,-0.632496,0.26194,0.886654,0.533738,-0.800775,-0.12186,0.941588,0.658437,0.924558,0.260537,-0.857784,-0.274209,-0.970763,-0.365886,0.968749,-0.763665,-0.949889,0.837458,-0.923154,-0.571032,-0.175451,-0.427778,-0.451765,-0.469283,-0.259194,0.653432,0.140294,0.00704978,0.987976,0.259377,0.536119,0.81164,-0.19425,0.181616,0.594653,-0.363689,0.734794,0.0749229,0.600635,0.161473,0.866512,-0.292459,-0.485397,0.305521,0.0929289,-0.789178,-0.777154,0.475326,-0.642933,-0.670522,0.787469,-0.184118,0.902707,-0.328532,0.69628,0.460677,0.524216,0.958068,-0.887143,-0.218726,-0.183081,-0.726249,0.126804,0.637623,0.426862,0.316385,0.00308237,-0.372112,0.300882,-0.353008,-0.567186,-0.661428,-0.0633259,0.940123,-0.2172,0.594531,0.632557,0.233192,-0.65453,0.70867,0.737663,0.177343,-0.41081,-0.267617,-0.0979339,0.286721,-0.591968,0.705374,-0.673574,-0.811274
-0.271096,-0.0494705,0.250343,0.586718,0.829402,0.272683,-0.222755,0.353252,0.997497,-0.402997,-0.288186,-0.951659,0.437544,-0.871151,-0.786554,0.98883,0.0767541,0.108798,-0.210608,0.151402,0.814814,-0.937559,0.544359,-0.576891,0.774041,-0.949217,-0.569201,-0.148778,0.549486,0.919797,0.498886,-0.106967,0.458846,0.550523,-0.853694,0.666066,-0.207556,0.109348,-0.631458,-0.802179,0.0632649,-0.7022,-0.991333,-0.32371,0.257057,0.602527,-0.992615,0.699393,0.0820643,0.545213,0.653188,0.525193,-0.780755,0.93292,0.831965,0.32194,0.572314,0.107639,-0.722526,-0.581835,-0.482589,0.196692,-0.178808,0.552416,-0.846431,0.362468,-0.358013,-0.876644,-0.447615,0.0525224,0.516587,0.439985,-0.991943,0.249672,0.0693075,0.971313,-0.712455,0.721732,-0.977905,-0.403424,0.880428,-0.728263,0.444746,0.855098,0.248817,0.987915,-0.995605,0.196448,-0.9223,-0.506455,0.216102,-0.769768,-0.475448,0.197241,-0.307657,0.976501,-0.530442,-0.457381,0.393536,-0.885128
-0.705374,-0.688894,-0.811213,0.0185247,-0.202795,0.139073,-0.900082,0.677847,0.551012,0.617725,-0.101474,0.364849,-0.744743,0.443525,0.418683,-0.558092,-0.558641,-0.792718,0.451399,-0.708914,0.722648,0.64452,0.994873,0.563707,-0.955687,0.885128,0.504135,-0.569323,0.93408,0.703482,-0.858577,-0.167455,-0.248878,-0.2313,-0.97412,-0.270608,-0.0630207,0.894345,0.483932,-0.649342,-0.734794,0.288369,0.298624,-0.554552,-0.90875,-0.19657,-0.0397046,-0.467513,0.602832,-0.813288,-0.0836512,0.149815,-0.930723,0.329875,-0.17893,-0.894955,0.0924406,-0.481002,0.785943,-0.274392,-0.144078,-0.315104,-0.370769,-0.891964,-0.624683,0.652821,-0.87347,0.368755,0.748466,-0.607471,0.260292,0.89349,-0.595019,0.26841,0.469955,0.587512,0.356792,-0.710807,-0.0978729,0.125767,0.447676,0.358379,-0.339579,-0.797357,0.603381,-0.476241,0.0553301,0.782098,0.0817591,-0.772088,0.854671,-0.652516,0.722892,0.557787,-0.467086,-0.848079,-0.801447,-0.505234,-0.478133,0.467879
-0.668203,0.00784326,-0.124546,-0.235267,-0.134434,-0.155919,0.619556,0.113315,0.283303,-0.243629,-0.629872,0.938169,0.549791,0.718131,0.687613,-0.785333,-0.866512,0.0191351,0.261208,0.859798,0.256996,0.515793,0.159093,-0.0184637,-0.85345,-0.119358,0.0784021,0.129734,-0.71746,-0.14713,0.595141,-0.454695,-0.350871,-0.512131,0.414106,0.410688,-0.0155339,0.407575,-0.38084,0.099765,0.030488,0.050264,0.923032,0.427717,0.783074,0.920652,0.917356,0.901242,-0.257912,-0.160253,-0.67748,-0.0316477,0.16129,-0.804804,0.238075,0.268593,0.298318,0.190893,-0.607715,-0.117222,0.664602,0.0971404,-0.607532,-0.416791,-0.724418,-0.499374,0.974731,0.0835292,0.900815,-0.445418,0.254128,-0.711112,0.313334,-0.771599,-0.025483,-0.454268,-0.459639,0.558275,0.758965,0.892087,-0.88702,-0.103732,0.35905,0.307047,-0.683828,-0.838679,0.905515,0.961486,-0.561205,-0.911374,0.157994,-0.532579,-0.976318,0.479659,0.754875,-0.871517,-0.882565,-0.547533,-0.536363,-0.810419
0.97705,0.464034,0.863033,0.376324,0.892331,0.886044,-0.660878,-0.257546,0.242409,0.994995,0.788934,0.000885037,-0.0542314,-0.316874,0.34373,0.0379955,-0.590747,0.893368,-0.251747,-0.0841395,0.778008,-0.13065,-0.389508,-0.877743,-0.814814,-0.594348,-0.348308,0.820917,-0.997436,0.0975066,0.95642,0.101108,0.0901212,0.591052,0.222388,0.228187,0.0459914,-0.167028,0.0108341,0.893063,0.456648,-0.679006,0.996033,0.462447,-0.853145,-0.646474,0.215674,0.22898,0.429792,-0.720267,-0.679373,0.660939,-0.643422,-0.250465,0.825312,-0.347636,-0.0330515,0.963805,0.357036,0.773309,-0.461165,0.923887,0.906674,-0.480758,0.838313,-0.31785,-0.921812,-0.438215,0.369915,-0.408246,-0.660939,0.998047,0.626331,-0.443464,0.269875,0.601062,0.338542,-0.718925,0.814508,0.0696738,0.725944,-0.479049,0.530137,0.278359,-0.253945,0.332255,-0.162755,-0.472457,0.344768,-0.67803,0.269692,-0.20658,0.706229,-0.102023,0.724357,0.977783,0.502792,-0.481307,-0.288369,-0.84167
-0.108615,-0.188818,-0.903134,0.0643025,0.674368,0.0811487,-0.878353,0.559008,0.892209,0.54503,0.246071,0.412763,-0.648183,-0.911252,0.638295,-0.470809,-0.604541,0.446211,0.62682,0.284646,0.150304,-0.551439,-0.0497757,0.778008,-0.221229,0.275002,-0.992737,0.0808435,0.728385,-0.297891,0.106906,-0.512558,0.981933,0.354228,0.71807,-0.235267,-0.692801,-0.0467238,0.720023,0.402264,0.50737,0.569018,-0.34788,0.862239,0.670583,-0.131382,-0.0360424,-0.170507,0.420148,0.367168,0.265114,0.461653,0.164586,0.677236,0.575488,-0.361187,-0.652455,0.759026,-0.42497,-0.786065,-0.302042,-0.829585,-0.146031,-0.737602,0.47972,0.317179,-0.837519,-0.667592,-0.258095,-0.297586,-0.338847,-0.305216,-0.431074,-0.822993,-0.829463,0.593005,-0.669912,0.189611,0.421491,-0.506821,0.930174,-0.963744,0.304849,0.334086,0.0588092,0.110935,-0.878353,0.777154,-0.55913,-0.844905,-0.166723,-0.543565,0.086581,0.508042,-0.688955,-0.771172,0.541063,0.356426,-0.413495,0.423627
-0.761834,-0.44084,0.789239,0.212561,0.068453,0.15714,-0.378887,-0.534959,0.376324,-0.591174,0.0926847,-0.468123,-0.946654,-0.0314035,-0.988464,-0.98529,-0.614185,-0.0521561,0.70513,-0.902707,-0.695608,-0.835078,-0.730094,-0.20481,-0.365642,-0.604602,0.822382,0.206153,0.345561,0.621693,-0.251808,0.759941,0.80224,-0.716788,0.952757,-0.531724,0.0132145,0.526719,0.110874,0.175085,0.881954,0.455672,-0.0830409,0.806146,0.456282,0.380596,0.335063,-0.380718,0.178747,-0.930723,0.848506,-0.545518,0.136265,0.996338,0.710318,-0.0163274,-0.689688,0.593493,-0.807062,-0.0392163,-0.173009,0.499374,-0.161412,-0.528184,-0.793207,-0.1901,0.708792,0.184851,0.614978,0.327738,0.634632,-0.400189,-0.889035,0.812799,-0.533311,-0.701041,-0.100925,-0.76812,0.325297,-0.803644,0.577929,-0.991089,-0.149937,-0.21189,-0.609241,-0.725211,0.45024,0.402509,-0.524705,-0.882504,0.554674,-0.550401,-0.886105,-0.168004,0.861507,0.671804,-0.0166326,-0.829707,0.588733,-0.606677
-0.990661,0.137486,-0.419965,-0.209632,0.684194,0.0729087,0.568957,0.276467,-0.420392,-0.658864,0.823359,0.644704,-0.916746,-0.958434,-0.017304,0.152501,-0.60094,-0.0973846,-0.872127,0.311502,0.797235,-0.468551,0.0312204,0.137181,0.864559,-0.335734,0.406354,-0.601245,-0.245827,-0.583972,-0.841731,-0.130345,-0.564379,0.530747,-0.366314,0.576952,0.944884,0.631336,0.870357,-0.948363,-0.365825,0.469466,0.847591,0.578845,0.422468,-0.824213,-0.263894,-0.552721,-0.955199,-0.489914,-0.851924,0.199927,-0.697195,-0.88934,-0.612964,0.883358,0.314432,-0.255043,0.697928,0.298074,-0.236,0.559313,0.516953,-0.751274,-0.847591,-0.671133,0.722037,-0.206275,-0.953124,-0.292154,0.882199,0.495346,0.330912,0.479171,-0.491928,-0.33018,-0.545396,0.804804,-0.698416,0.637257,-0.315714,-0.524522,0.406171,0.97174,0.352886,0.161107,-0.343486,-0.248878,0.109531,0.660268,-0.171117,0.807306,0.169958,0.150426,0.890866,-0.023957,-0.433882,0.438154,-0.748711,0.347087
-0.982177,0.364483,-0.545396,-0.98822,0.387066,-0.489425,-0.57506,-0.536668,0.134312,-0.223487,0.0451979,0.293252,-0.0904263,0.676382,0.209265,0.541124,0.913572,0.837764,0.487167,0.484787,0.147801,0.251381,-0.625538,-0.109531,0.664663,0.521348,-0.45732,0.262612,-0.182836,-0.885067,0.0890835,-0.906064,-0.490768,-0.387127,0.786615,0.115574,0.44554,-0.0409864,0.334025,-0.453352,0.38139,0.710623,0.606006,0.344829,0.373089,-0.712027,0.902829,0.456038,-0.972411,0.225013,0.200598,-0.935789,0.7528,-0.581286,-0.598682,0.842097,0.00711081,0.379376,-0.417341,0.20011,-0.450117,0.480636,0.248085,-0.462691,0.691397,-0.790704,-0.423139,-0.508957,-0.457686,0.415571,0.674062,-0.813166,-0.735527,0.562914,-0.179601,0.48851,0.320353,0.978027,0.722648,0.248146,0.723075,0.100864,0.762993,0.5562,0.286782,-0.265236,-0.750237,0.991272,0.876217,-0.703665,-0.333171,0.870296,0.656972,0.0653401,-0.0760216,-0.50145,0.345439,-0.565111,0.606738,0.41966
-0.24424,0.511704,0.538133,0.415754,-0.204627,-0.206091,-0.356182,-0.590808,-0.419233,-0.637562,0.461287,0.194433,0.724601,0.237037,0.870663,-0.784967,0.186987,0.0976897,-0.275246,-0.800043,-0.474105,0.534532,0.0991546,0.413129,0.147008,0.297952,0.542039,-0.096408,0.553514,0.548326,0.324076,0.75573,-0.40379,0.106296,0.688833,-0.661061,-0.276284,0.702689,0.10239,0.557909,0.232276,0.228309,-0.496445,-0.897763,0.515732,-0.015595,-0.44615,0.697073,-0.6845,-0.0679037,-0.112766,-0.647755,-0.0290841,-0.0571612,0.360515,0.613147,-0.331339,-0.951903,0.30314,0.810053,0.69335,0.689749,-0.232948,0.308573,-0.323038,-0.030427,0.777093,0.759392,0.849483,0.899533,0.580615,0.348308,-0.711844,-0.348125,0.89758,-0.953673,0.16831,-0.191076,-0.82934,-0.140233,0.0125431,-0.386761,-0.184606,0.0798059,-0.0586261,-0.782647,-0.530442,0.532945,0.922849,-0.0658895,0.243934,0.830805,-0.977355,-0.513474,0.971862,0.620228,0.654286,-0.742363,0.459151,0.833125
0.0633259,0.443831,-0.178564,-0.798761,-0.481674,-0.299478,-0.0306711,0.942076,0.096469,0.161962,0.998657,-0.472762,-0.727775,0.0811487,-0.418744,0.938414,0.477584,-0.269448,-0.528794,0.301492,-0.649037,-0.347697,-0.245521,0.13712,-0.0116276,0.908017,-0.900937,0.610462,-0.807489,-0.671316,0.00503555,-0.21897,0.723258,-0.234962,-0.945494,-0.146947,-0.45262,0.33726,-0.838435,-0.574816,0.0888394,0.685049,-0.177526,-0.259255,0.4785,0.217566,-0.634693,0.937376,0.804376,0.363689,-0.799738,0.297403,-0.638661,0.821711,0.0696738,0.497665,0.901608,-0.190588,0.29783,-0.140538,0.88403,0.314188,0.0409253,0.598804,-0.275246,0.342936,-0.46263,-0.92407,-0.953124,-0.827937,-0.642384,0.0458693,-0.0694296,-0.402448,0.653981,0.908139,-0.837031,0.184912,-0.58916,-0.0433058,-0.511643,-0.48088,0.694815,0.630055,-0.142125,0.454756,0.904294,-0.238685,-0.320231,0.365886,0.0198065,-0.171911,-0.930601,-0.60387,-0.146031,-0.79754,-0.900937,0.708731,0.30137,0.401166
0.142369,-0.0494095,-0.596057,0.246132,-0.991333,-0.926756,-0.981689,-0.436506,0.424726,-0.608753,0.938658,0.688467,-0.971068,0.208106,0.211646,-0.261147,-0.411237,0.768731,0.637928,-0.600818,0.250587,-0.490585,0.0218818,0.170202,-0.210608,-0.692068,-0.577929,-0.380963,0.859554,0.733573,0.400861,-0.370586,-0.756157,-0.70336,0.27427,-0.348735,-0.895627,0.699332,-0.637501,-0.0489822,0.23191,0.084872,0.239723,0.861568,-0.703848,-0.711905,0.983764,0.032075,-0.904172,0.0852382,0.426435,-0.321879,-0.191565,-0.5562,-0.596484,-0.168126,0.240455,0.77282,0.00473037,-0.408246,-0.922788,-0.827326,0.823603,0.3726,0.13303,0.685232,0.207617,-0.844417,-0.398968,-0.456343,-0.491928,-0.261452,-0.696646,-0.577441,0.330424,-0.0145573,-0.0590533,0.68804,-0.216285,-0.923276,0.34373,-0.35258,-0.268899,0.759453,0.72045,-0.200354,0.0395825,0.596728,-0.0911588,-0.915098,-0.169958,-0.781671,0.625599,-0.865169,0.727409,-0.429609,0.716117,0.522629,0.110202,0.16538
0.203528,-0.75396,0.256142,0.726493,0.0511795,0.590503,-0.120273,-0.954222,-0.507126,0.920286,0.734855,-0.0798669,-0.57445,0.137364,0.49382,0.807978,0.359661,0.319437,0.567431,-0.531297,0.66863,-0.0300607,0.354656,0.212439,0.839473,0.268227,-0.507309,0.15006,-0.277749,-0.680776,0.107212,-0.556749,0.780511,0.403851,-0.938108,-0.445479,0.340861,0.228675,0.209021,-0.502915,-0.156652,-0.823969,0.638844,0.084933,0.0912809,-0.445845,0.930113,0.182958,-0.498825,-0.152989,-0.600269,0.956664,0.352947,0.964293,0.353008,0.12241,-0.960326,0.49144,0.333415,0.197424,0.317789,0.939879,0.372723,0.749565,-0.443037,-0.00344859,0.241066,0.647633,0.990173,0.774407,0.696768,0.311014,-0.0363475,0.0619831,-0.263527,-0.0399487,-0.813044,0.57384,0.84521,-0.13419,0.98291,-0.799921,-0.754021,0.600146,-0.462447,-0.743339,0.150487,-0.714469,-0.849666,0.735466,-0.991638,-0.154393,0.483932,0.55388,-0.242347,-0.745659,0.814203,0.805353,-0.92523,-0.213172
0.214331,-0.264382,0.208289,-0.0169988,0.909604,-0.606983,0.015717,0.538438,0.0933561,-0.619495,0.68041,0.496323,0.637074,0.554735,0.747673,0.0434278,0.572253,-0.754936,-0.452132,0.464278,0.340556,0.503769,0.446516,-0.608936,0.0439161,-0.644704,0.0943327,0.0534989,0.694388,0.0472121,-0.322855,0.529099,-0.535936,-0.700491,0.166051,0.992981,0.935362,-0.445173,-0.432966,0.967833,0.350688,0.228553,0.171606,0.574145,0.862789,0.958739,-0.193823,-0.220008,0.784417,0.855892,-0.917722,-0.348979,0.838496,-0.246559,0.646901,-0.399213,-0.591784,-0.542711,0.431806,0.640187,-0.213172,0.996216,0.904172,0.62804,-0.572314,-0.128758,0.316202,-0.479415,-0.805475,-0.693472,-0.0445875,0.621937,0.611011,-0.50145,-0.605701,-0.166295,-0.889035,0.866695,-0.259316,0.905271,-0.711417,-0.697378,0.887326,0.683584,0.148045,-0.578845,0.762322,0.363323,0.353618,-0.190649,0.578845,0.736747,-0.520127,0.2772,0.0852992,-0.556261,-0.738456,-0.892941,0.815119,0.222083
-0.667531,0.669362,-0.0967742,0.494675,-0.202612,-0.859432,0.21189,-0.696341,-0.0147404,-0.236549,-0.706656,-0.296793,0.594409,0.280068,0.824458,-0.554674,0.842647,0.0148015,0.126438,0.989074,0.717277,0.123875,0.415326,-0.24955,-0.774773,-0.154332,-0.948668,0.352641,0.643056,0.750603,-0.210364,0.875729,0.766533,0.991089,-0.970458,-0.893124,-0.838801,-0.448592,0.0652181,0.79046,-0.587817,0.498215,-0.665029,-0.122532,-0.626087,-0.770135,0.672109,0.776299,-0.579455,0.727042,-0.445967,0.602222,0.69573,-0.197851,-0.647023,-0.572497,-0.637501,-0.650136,-0.414411,0.531663,0.853633,0.59685,0.163121,0.650929,0.12125,-0.648427,-0.358867,0.228797,-0.112827,0.254982,-0.529954,-0.33433,0.892636,-0.970397,0.244606,-0.430891,0.148412,0.730277,-0.0458693,-0.99646,-0.815119,-0.00625629,0.232398,-0.259438,0.30192,-0.711173,0.607898,0.508774,0.818964,-0.833674,0.753471,-0.75634,-0.675283,0.509262,0.736564,-0.661977,-0.0720542,0.782342,-0.730888,-0.108554
0.32609,-0.929807,-0.0672933,-0.00619526,-0.517808,-0.221168,0.517075,-0.906064,0.904111,-0.39201,-0.251198,-0.971007,0.559313,0.393475,0.660207,-0.394757,0.856868,-0.77514,-0.650563,0.508225,-0.102939,-0.304178,0.231605,0.552049,0.721915,-0.846187,-0.71221,0.929991,0.56444,-0.0498367,-0.684194,0.464095,0.0993377,0.690237,-0.820368,0.855342,0.692679,-0.516892,-0.940245,-0.0663778,-0.348186,-0.808039,-0.296854,0.907773,-0.524339,0.683828,-0.327006,-0.384564,-0.895566,0.0795007,0.599109,-0.226661,-0.830195,0.00393689,0.427473,0.226905,-0.755242,0.835749,0.670644,0.200598,-0.906125,-0.0423902,-0.342448,0.547777,-0.0770592,-0.993957,-0.216468,-0.999451,-0.370769,-0.878475,0.760369,-0.57976,0.0514847,0.198401,0.866085,-0.953185,0.219764,0.134861,0.195227,-0.250771,-0.394452,0.0831629,-0.0911588,-0.724662,-0.628224,-0.30076,-0.515793,0.501999,-0.377239,0.393231,-0.0348827,0.684744,0.654164,0.578906,-0.788263,0.708182,0.203162,0.92407,-0.8493,0.335917
-0.0984222,0.0340281,0.195654,-0.239784,0.171117,0.181494,-0.197851,-0.981506,0.33964,-0.758354,-0.431257,-0.0469069,0.316996,0.519883,0.211829,-0.0430616,0.68865,-0.440413,-0.751518,0.786615,0.965941,0.392621,-0.753288,0.81164,-0.164159,-0.210974,0.0751671,-0.734916,-0.588733,-0.492782,-0.846675,0.49321,-0.519089,0.543809,-0.298379,0.205542,-0.240883,-0.616321,0.990905,-0.275124,0.136082,0.250099,0.593127,0.237342,0.927854,-0.645497,0.630909,-0.957762,-0.87402,-0.853328,0.0275582,-0.197668,0.648366,0.564745,0.757439,0.793512,0.588,-0.71514,0.0953093,-0.845088,-0.535875,-0.0281075,0.867061,-0.860836,-0.528367,0.528489,-0.300943,0.362102,0.731254,0.345988,-0.731193,0.0525834,-0.460738,0.553697,0.554308,-0.69689,0.61803,0.269509,-0.915647,-0.680776,-0.634571,0.849361,-0.811213,-0.330058,0.105441,0.137486,0.247841,0.5374,0.337504,0.716666,0.942869,0.966979,0.98706,0.157506,-0.494247,-0.882504,0.655141,-0.730644,-0.0306711,0.511093
-0.295755,0.325968,0.269448,0.570727,-0.489731,-0.85815,-0.300394,-0.302835,0.53032,-0.603687,-0.658071,0.252968,-0.402509,0.736015,-0.39024,-0.378765,-0.48204,0.0929289,0.514206,0.0953093,0.320231,0.934263,0.913938,0.128574,0.505661,0.51207,-0.23484,-0.415387,0.298074,-0.886105,-0.627857,0.987182,0.894223,-0.687674,0.636464,0.770135,-0.286843,-0.784967,0.307352,0.527573,-0.353008,-0.285012,0.23191,0.263649,0.31016,-0.259865,0.604724,-0.357158,-0.710074,-0.496323,-0.781915,-0.76043,-0.603809,-0.24601,0.712088,-0.211402,-0.0885952,-0.975402,-0.175878,-0.565355,-0.159154,0.884213,0.639576,0.98291,-0.837764,-0.813532,-0.158666,-0.851741,0.0762658,-0.679495,-0.0399487,-0.193762,0.255959,-0.539537,0.62389,-0.757805,0.0970794,-0.184423,-0.191259,-0.598254,-0.0317698,-0.119724,-0.911863,-0.85931,-0.539537,-0.315775,0.883358,-0.52501,0.637623,-0.957884,-0.286843,0.830744,-0.714042,0.803949,-0.555834,0.294107,0.16483,0.104648,0.540513,0.861507
-0.885922,-0.147557,0.709586,0.105625,0.368023,-0.604663,0.685293,0.287759,0.246742,-0.907529,0.947508,-0.192236,0.562853,-0.684011,0.568468,-0.171178,-0.789117,0.582568,-0.172399,0.783563,0.417524,-0.196631,0.461287,0.624195,0.991455,0.534104,-0.0870693,-0.927549,0.57329,-0.774957,-0.417035,-0.130345,-0.114231,-0.528977,-0.921079,-0.973449,0.983642,0.261391,0.465316,-0.92645,-0.496323,0.229835,0.513596,-0.689566,0.914792,-0.0951262,0.952452,0.0566729,0.767632,-0.0406201,0.717399,0.901181,0.94525,-0.539232,0.201147,0.952391,-0.0876186,0.121067,-0.496689,-0.911802,0.966124,0.5468,0.680715,0.206336,0.485397,0.488876,-0.00308237,-0.526292,0.181127,-0.907041,0.172826,0.576952,-0.653615,-0.850826,0.636158,-0.0278634,-0.893735,-0.657826,-0.228248,-0.865047,0.667959,0.501022,-0.828547,0.810663,-0.42967,-0.150548,-0.115818,-0.736259,-0.0652791,-0.744316,0.665883,0.528672,0.714286,-0.517502,0.229408,0.659108,-0.0558184,0.437178,-0.505173,-0.0216987
0.215369,-0.790643,0.657582,-0.285806,0.890561,-0.688223,0.88464,-0.313517,-0.108493,0.542344,0.483627,-0.232765,0.843013,-0.152989,-0.699759,0.529466,-0.876217,-0.261635,-0.441145,0.737724,-0.883541,-0.454634,-0.887265,0.597766,-0.542344,0.66332,0.694327,-0.993103,0.287759,-0.196081,-0.835505,0.80401,0.501083,0.245338,0.763482,0.018891,0.995972,-0.917966,0.360149,-0.876827,-0.0755943,0.475143,0.702445,0.279763,-0.0573443,0.901852,-0.332926,0.593005,-0.539476,0.405988,-0.49028,-0.641469,-0.107944,-0.152318,0.115024,-0.686514,0.904965,0.153539,0.246376,-0.113559,-0.329142,-0.433454,0.796258,0.447371,0.115452,0.896115,0.0359203,-0.442549,0.168249,0.767937,0.865596,0.219581,-0.987487,0.874325,0.0643635,-0.872188,0.335795,-0.776238,-0.4597,-0.0821863,-0.420881,-0.60857,-0.419721,0.416425,-0.812311,-0.231361,0.100192,-0.107883,-0.139439,0.813227,-0.105319,0.304605,-0.199377,0.299417,-0.112461,-0.444868,-0.0351878,0.567858,0.381207,0.736259
0.566637,0.898679,0.24955,0.911435,-0.129002,0.288675,0.24662,-0.170873,0.597522,0.52208,0.43321,-0.944761,0.684256,0.572924,0.0852382,0.683218,0.80755,0.716239,-0.658071,0.23191,0.631947,0.777764,-0.544115,0.896481,-0.939634,0.384014,-0.957274,-0.202673,0.484054,-0.787774,0.331645,0.231117,-0.96765,-0.759331,-0.58507,-0.0800501,0.823115,0.998108,0.498276,-0.73809,0.212256,-0.185888,0.150426,-0.419233,0.0441603,0.0692465,-0.446272,-0.623951,-0.0986663,-0.555345,0.753655,0.573168,0.354717,-0.827692,0.908872,0.773247,-0.786676,0.285073,0.541429,-0.496872,-0.225257,-0.133518,-0.213355,0.465682,-0.925474,-0.69921,0.643178,-0.210791,0.136814,0.52324,-0.777215,0.278054,0.223792,0.26957,0.000762963,-0.337809,-0.91406,0.32664,0.0655232,0.847591,-0.787774,-0.218238,-0.631336,0.165685,0.0796838,-0.726737,0.975402,-0.376019,0.403729,-0.759819,-0.68627,-0.844478,0.388043,0.172338,0.42552,0.869442,-0.025483,0.860286,0.21543,-0.699698
0.605213,0.842769,0.441816,0.261696,0.78045,-0.0913419,0.994568,-0.166967,0.491073,0.762078,-0.938231,-0.422346,-0.514756,-0.957152,0.378094,-0.221778,-0.70336,0.488693,0.0884121,0.439802,0.49382,0.184729,-0.00234993,0.54033,-0.0693075,-0.18601,-0.17893,-0.719779,-0.00387585,0.907102,0.433882,-0.667348,-0.135655,0.0921354,-0.878536,0.0935392,0.744621,0.345073,0.829707,0.931272,-0.868709,0.239479,-0.585925,0.436934,0.0541704,-0.803461,0.890744,-0.325724,0.327799,0.73516,0.685659,-0.570116,-0.19779,-0.278237,0.885067,-0.537217,0.612537,-0.379437,-0.514573,-0.245277,0.428816,-0.256569,-0.356731,-0.239967,-0.293435,0.499802,0.925352,-0.344096,0.936338,0.646779,0.558397,-0.408002,-0.106296,0.539293,0.679617,0.940733,0.889706,-0.620411,-0.413984,-0.452986,0.0201727,0.468062,0.985107,0.978698,0.416364,0.452193,-0.755852,-0.224097,-0.505417,0.577624,0.641102,0.701895,0.206275,-0.0627766,0.613514,-0.00784326,0.288125,0.721976,-0.9906,0.60509
0.0397656,0.0990936,0.131504,-0.64684,-0.985656,0.208594,-0.893063,-0.818659,0.977844,-0.99646,0.290078,0.193701,-0.002472,-0.123264,-0.21073,-0.145054,0.785516,-0.0722983,-0.517502,0.462142,0.948302,0.213233,-0.732658,-0.605762,-0.763237,-0.00302133,-0.689138,-0.637806,-0.203284,0.999817,0.2996,0.659108,0.418134,-0.350627,-0.310343,-0.590075,0.785699,-0.669424,-0.0432447,-0.178137,0.728446,0.635365,0.846065,0.434065,0.470199,-0.387494,-0.37785,0.367534,0.879147,0.0179754,-0.680593,-0.424482,-0.282022,-0.435347,0.991577,-0.906735,-0.10593,0.172643,-0.0380566,-0.712027,-0.29075,0.218848,0.073336,0.109043,-0.890194,0.787408,-0.061861,-0.662343,-0.0633259,-0.0807215,-0.811823,0.837275,0.175207,0.862728,0.725028,0.803156,0.205359,0.322733,0.969543,0.0126652,-0.948363,0.711539,0.112217,0.0754112,0.633106,0.398358,0.363079,-0.31724,0.0130924,-0.0405591,0.201697,0.858211,-0.350078,0.428022,0.627125,-0.792718,-0.353984,-0.455672,-0.591968,0.167577
-0.3961,-0.308023,-0.249733,-0.251503,0.881954,0.394696,0.125706,0.0903653,-0.590747,-0.102756,0.625416,0.767754,-0.953978,-0.915708,0.986389,0.448347,-0.281167,-0.280679,-0.362774,-0.696158,0.670705,-0.305277,0.947874,0.259987,-0.289102,0.281838,0.479598,0.246071,0.465316,-0.619251,0.235206,-0.554369,-0.373882,0.770745,-0.0911588,0.545946,0.201941,-0.640309,0.136082,-0.0117496,0.767815,0.434614,-0.256142,-0.782342,0.715079,0.911313,-0.999512,-0.066744,-0.498459,0.584521,0.865963,-0.662099,-0.0984222,-0.622181,0.241188,-0.611438,-0.744316,0.593921,-0.781121,0.0458693,0.721061,0.164098,0.33311,0.524583,0.520981,-0.101169,-0.190832,0.543199,-0.804682,0.737419,0.813959,-0.425825,0.85052,-0.00210578,0.705618,0.0939665,0.40904,0.627491,0.283792,0.83282,0.860103,0.452132,-0.960509,0.0248726,0.509079,-0.573351,0.405194,0.658376,0.227882,0.885006,-0.9953,-0.274819,0.704886,0.789789,-0.0967132,-0.528794,-0.305338,0.982604,-0.14243,0.646413
0.751946,-0.0565508,-0.631458,-0.736747,0.203101,-0.117405,0.727103,0.398541,0.25895,-0.147252,0.471847,-0.135655,-0.848567,0.0126041,-0.796136,0.469832,0.913388,-0.115818,-0.549852,0.512436,-0.371746,0.602832,-0.086642,0.0278634,-0.319498,-0.832942,-0.277993,-0.95996,0.00521867,0.688955,0.680349,-0.188635,0.338298,0.643422,-0.481613,-0.907773,-0.533677,-0.881039,0.141942,0.371563,-0.523118,-0.932554,-0.117283,0.126499,0.00827052,0.553758,-0.252052,0.0723594,0.499374,-0.993835,0.670949,-0.587207,0.439985,-0.533738,-0.239479,-0.910154,-0.379192,0.838984,0.5515,0.033784,0.383221,0.142308,-0.745659,-0.587024,-0.130772,0.757744,-0.994629,0.884396,0.271889,0.679922,0.116733,0.843013,-0.915159,0.766839,0.32609,0.67217,-0.647328,0.989746,-0.952818,0.99353,-0.0794397,0.683157,-0.380474,-0.0829798,-0.315348,0.794977,-0.441816,-0.709098,-0.1583,0.136143,0.804193,0.951659,0.139378,-0.368816,-0.0257881,0.973998,-0.873959,0.567675,0.61095,-0.0790124
0.453352,-0.250038,0.475814,0.486557,0.572314,0.368938,-0.226478,-0.324015,0.819636,0.603076,0.636341,0.863094,-0.938231,-0.46147,-0.176794,-0.817194,-0.236854,0.17185,0.31608,-0.694449,-0.764702,0.659536,0.569262,0.686636,0.887936,-0.431745,-0.240211,0.816523,0.478072,-0.875057,-0.962584,0.470931,-0.639515,0.466597,0.77459,0.960814,-0.262246,0.890378,-0.183874,-0.617969,-0.0901212,-0.89642,0.729972,-0.134129,-0.475326,0.473861,-0.943724,0.828608,0.82757,0.278665,0.558214,0.221717,-0.0884121,0.955992,0.471297,0.781854,-0.0325022,-0.646413,0.753899,-0.719291,0.533738,-0.0202948,-0.663076,-0.224586,0.74633,0.252663,-0.625904,0.857906,0.588855,-0.249245,0.491684,0.905515,0.142857,-0.537339,0.0385449,-0.669362,0.837275,-0.962889,0.336344,-0.169164,0.698721,0.0329905,-0.0707114,-0.361126,-0.398419,-0.830622,0.834346,0.772637,0.517869,-0.424543,-0.209021,-0.714957,0.767205,0.0406201,-0.48851,0.514512,-0.733146,0.264321,-0.0692465,0.334208
0.911802,0.69396,0.110263,0.903439,0.153356,-0.206946,-0.387188,0.315043,0.182592,-0.0773034,-0.750725,-0.234046,-0.287576,-0.86346,-0.945128,-0.836543,-0.337077,-0.24192,0.396832,-0.190527,-0.588977,0.629994,0.224464,0.650258,-0.959166,-0.635365,-0.68096,0.526658,-0.406598,0.593982,0.543992,0.424116,-0.683157,0.219398,-0.905454,-0.277444,-0.0837123,-0.338115,0.748222,0.446577,0.803888,0.111911,0.114414,-0.485031,-0.651173,0.779595,0.884579,0.991516,-0.872555,-0.855708,0.0822474,0.334147,0.172948,-0.794794,0.312967,0.645436,-0.774468,-0.26896,0.0141911,0.922605,-0.017304,0.509812,-0.294412,0.307169,-0.651357,0.599231,0.238868,0.33549,-0.315104,0.576464,-0.952513,-0.811762,-0.940245,0.788324,0.39732,-0.0593585,-0.501267,-0.398968,-0.364055,0.812555,-0.765679,-0.349528,-0.556749,-0.581896,0.956114,0.0918912,0.0809046,-0.983642,0.0604572,0.850215,-0.35728,0.760735,0.901059,0.869808,0.304605,-0.0511185,-0.961547,0.364544,0.574389,0.273476
0.851436,-0.366253,0.810175,0.223975,-0.71514,0.671438,-0.431562,0.752495,0.836787,-0.0102847,0.437788,0.0662557,0.430647,-0.5103,0.374859,0.506149,0.369121,0.264077,0.340495,0.22898,-0.416425,-0.153172,0.549425,0.458357,0.884518,-0.536729,-0.279885,0.734123,0.211097,-0.719718,0.325114,0.162389,-0.118442,-0.343974,-0.159276,0.666066,-0.157079,0.39024,-0.00271615,0.233985,0.921201,-0.0261544,0.0290231,0.171789,0.0713218,0.83929,-0.0760826,0.351299,-0.372967,0.610462,-0.325907,0.46086,0.551073,-0.647511,0.525437,-0.744926,-0.314982,0.822199,0.227638,-0.1948,0.999512,-0.28251,0.284646,0.74865,0.843867,0.927976,-0.796136,-0.460738,-0.803644,0.784417,-0.253029,-0.30253,0.914426,0.309122,0.179418,0.0600909,0.984008,0.465743,-0.479598,0.0300607,-0.229774,-0.590564,0.79339,0.827082,0.267129,-0.263344,0.275369,0.736991,-0.652577,-0.264626,0.74749,0.362224,-0.986999,0.634816,0.744682,-0.128513,-0.355449,-0.144322,-0.194189,0.249977
0.0787072,-0.0878018,-0.514267,-0.944334,-0.555345,0.184423,-0.946593,0.0709555,0.0110782,0.498764,-0.249855,-0.979858,-0.180395,0.96411,-0.482223,0.69396,0.775079,0.115207,0.28666,0.433576,0.895566,-0.837458,0.225196,0.381268,0.562426,0.24247,-0.0097354,-0.270058,0.770501,0.666982,0.976928,0.973388,-0.622303,-0.826044,-0.431501,0.15598,-0.644765,0.177099,-0.613269,-0.876949,-0.96234,0.015717,-0.458541,-0.229347,0.372845,-0.794916,0.880917,0.295694,-0.828181,0.686209,0.241615,-0.554369,-0.641041,0.0757164,0.698294,0.769036,-0.778008,-0.0837123,-0.186071,0.864925,-0.338237,-0.0738243,-0.110019,-0.366619,0.44261,-0.750481,0.216041,0.525132,0.441939,0.706168,-0.680105,0.791742,-0.0994598,-0.958251,-0.782159,-0.264626,0.672475,-0.822138,-0.335734,0.959288,0.475204,0.461592,0.401959,0.617176,-0.860836,0.916013,-0.588183,-0.336161,0.858455,-0.510117,-0.836665,0.104648,0.440107,0.307779,0.863948,-0.754204,-0.445357,0.920103,0.709525,-0.0556352
-0.715323,-0.456221,-0.62212,-0.340312,-0.233985,-0.600818,0.225135,0.140049,-0.0212104,-0.522996,0.299661,0.948485,-0.639149,0.0129093,-0.661977,0.275613,-0.239784,-0.0348216,-0.887936,0.659963,0.684988,0.264809,0.678762,0.237465,0.553331,-0.934629,-0.369854,-0.00808741,-0.0561846,0.993286,-0.656484,-0.995422,0.844966,0.397259,0.2313,-0.295389,-0.0945158,0.59917,0.991089,-0.881405,-0.315714,-0.85699,-0.144505,0.120884,-0.0995209,-0.954161,-0.157506,0.683401,0.68334,0.0472121,0.00509659,-0.874203,-0.178014,-0.140721,0.68157,-0.634571,0.0162053,-0.583056,0.74517,0.167272,0.125523,0.127781,0.854427,0.393902,0.419904,-0.878109,0.702994,0.255531,-0.170873,0.502243,0.269753,0.560106,-0.806452,0.594226,-0.931394,-0.0367748,0.513474,-0.803949,-0.601245,0.218177,0.199194,0.828547,-0.405499,-0.574267,0.321451,-0.0149236,-0.724845,-0.715445,-0.139012,0.381878,0.595508,0.3408,-0.0412915,0.207678,-0.504807,-0.761773,-0.834284,-0.626026,0.949156,-0.0314035
-0.0758385,0.965941,0.209449,-0.88818,-0.991455,0.898923,-0.217627,-0.892026,-0.100558,0.118809,0.830866,0.730399,-0.404157,0.231056,-0.542711,-0.28074,-0.133457,0.67333,-0.340983,0.772088,-0.500473,0.965087,-0.422468,-0.206946,0.552538,0.958068,-0.250832,0.143712,0.602832,-0.914243,-0.645436,0.892392,0.99707,0.614063,0.4691,-0.935545,-0.898495,-0.10947,0.312357,-0.107395,0.55211,0.59508,-0.501205,-0.933775,-0.496017,-0.010712,0.287271,0.981933,0.882199,-0.832942,0.831111,0.993164,0.63097,-0.69573,-0.571764,-0.339396,-0.0356151,-0.0912198,0.771172,-0.998108,-0.384198,-0.929563,0.196692,0.741813,0.08829,-0.288797,-0.063509,0.561876,-0.0957366,-0.164892,-0.633412,0.350932,-0.144139,0.77813,-0.742546,0.454695,-0.745354,-0.541795,0.0243233,-0.0740074,0.181799,0.625538,-0.0233467,0.774651,-0.262185,-0.887997,-0.431196,0.217444,0.293008,0.0820032,-0.350688,0.928404,-0.262978,-0.718558,-0.288553,-0.711661,-0.270913,-0.711295,0.14304,-0.364727
-0.529344,-0.404401,0.397015,0.27842,-0.164159,0.752007,-0.962767,-0.068453,0.77868,-0.814508,0.779351,-0.125156,-0.635792,-0.857967,-0.621998,-0.0499588,0.349284,-0.62859,0.904477,-0.872555,-0.568163,0.377361,0.996094,0.756767,0.50145,-0.33256,0.106784,-0.183935,0.888913,-0.996765,0.757012,0.162755,0.616504,-0.349712,0.78338,-0.217139,-0.352092,-0.372234,0.589038,0.0415357,-0.861812,0.959105,0.393597,0.932737,0.684011,0.921323,-0.517075,0.329264,-0.426984,-0.70452,-0.540513,-0.767144,0.0346995,-0.383343,-0.508042,-0.975768,0.489731,0.42375,-0.434492,0.713065,0.800226,0.509384,-0.268227,0.187719,-0.480331,0.170385,-0.641346,-0.534349,-0.856929,0.45732,0.380657,-0.056856,-0.6433,0.424604,0.548448,-0.354595,0.28843,0.380779,0.67925,0.476547,-0.242775,-0.861873,-0.0932951,-0.530381,0.52385,-0.737175,0.930845,0.0364696,-0.459944,0.325053,-0.731986,-0.781976,-0.800653,0.148839,0.501083,0.934019,0.586535,0.0621052,-0.470687,-0.767022
0.724479,0.478378,0.169225,-0.736747,-0.835505,-0.21659,-0.937925,-0.480026,0.880795,0.84405,-0.935667,0.399274,0.489792,-0.264992,0.724418,-0.811213,-0.465804,-0.98059,-0.358623,-0.210486,0.732353,-0.00143437,0.715262,0.965575,0.228248,0.962035,0.396832,0.594531,-0.158116,-0.562304,0.937559,-0.0828578,-0.681143,0.441877,0.63976,-0.2125,0.580676,0.728874,0.10654,0.922971,-0.025483,-0.958556,0.491806,0.154088,0.523423,0.360759,-0.249916,0.674856,0.176122,0.155919,0.88702,0.292398,0.0572832,0.634632,0.208594,-0.322733,0.717215,0.992676,-0.428083,0.613147,0.382,-0.335795,0.634816,0.247108,-0.796381,0.571703,-0.894345,-0.660634,-0.490219,-0.624195,0.994079,0.513718,0.0539262,-0.274392,0.85992,0.506882,0.265358,-0.491745,0.0642415,0.418989,0.499069,-0.900693,-0.981384,-0.0364086,0.285867,-0.387249,-0.56444,-0.282632,0.582446,-0.849483,0.578417,-0.629688,0.0210883,-0.946959,-0.488937,-0.0242622,-0.840022,0.149083,-0.651662,0.200171
-0.580798,0.134556,-0.297403,0.694143,0.319864,0.974914,-0.0885952,-0.146397,-0.634144,0.787652,0.546983,-0.334086,-0.730522,0.911069,0.526597,-0.169408,-0.0343333,-0.781487,-0.384747,0.207251,-0.138218,-0.631458,-0.324381,0.0657674,-0.911924,0.0548418,-0.0821253,-0.663869,0.74749,0.256142,0.149937,-0.141453,0.16538,0.486435,0.0274361,0.633229,0.139988,0.0448317,0.303629,-0.92938,0.192114,0.265664,0.0793176,0.241493,-0.184729,-0.231605,0.0530717,0.126499,-0.274514,-0.292398,-0.228858,0.866634,-0.888424,-0.976989,0.877438,0.0128483,0.885067,-0.310343,0.363323,-0.223487,0.929991,-0.0325022,-0.181921,0.279031,-0.647023,-0.348247,0.678518,0.801874,-0.266396,-0.677175,-0.52092,-0.963195,0.373882,-0.403668,-0.898068,0.335734,-0.45146,0.372845,0.0269478,0.960631,0.754936,0.0883511,-0.418561,-0.666433,-0.0369579,0.963744,-0.809381,-0.712882,0.865719,0.255226,-0.372784,-0.686392,0.128086,-0.495956,0.261696,-0.18424,0.638356,-0.213111,0.312052,0.356365
0.559313,-0.60802,-0.0110782,0.728629,0.710196,-0.629383,0.715873,0.726676,-0.496078,0.714042,-0.102268,0.204688,-0.883541,0.720145,-0.904782,-0.62328,0.0556963,-0.91876,-0.674062,-0.023835,-0.588549,0.134556,-0.685415,-0.494003,-0.894345,-0.888607,-0.257179,-0.511277,0.14243,0.387982,-0.500595,-0.283547,0.857662,-0.265358,-0.0699179,0.500778,-0.830683,0.566698,-0.912351,0.922788,0.82757,0.193579,-0.0180364,-0.91699,-0.335551,0.0696127,0.829829,0.351848,-0.155858,0.0434889,-0.694876,-0.381146,0.112705,0.608325,0.788934,-0.456709,0.0484329,-0.848079,0.619007,0.80401,0.311441,0.206641,0.340373,0.349223,0.894101,-0.300821,-0.0448927,-0.353191,-0.629505,-0.799066,0.172216,0.934141,-0.852901,0.177831,0.657826,-0.531968,-0.287698,0.240272,0.284951,-0.224952,0.886349,-0.606861,-0.61626,-0.0989715,-0.928404,0.285989,-0.00851466,-0.338481,-0.49736,0.462752,0.102329,0.891598,0.495895,0.612049,-0.0825526,-0.304361,-0.300211,0.816828,0.0951262,0.697928
0.687307,0.522629,-0.839228,0.193762,-0.870296,0.791437,0.873531,-0.0268258,-0.593982,-0.880734,-0.984863,-0.00289926,0.0512406,-0.325053,-0.0335398,-0.313761,0.604114,-0.556444,-0.262917,-0.0972625,0.857479,-0.52324,-0.7846,0.20011,0.108066,0.142491,-0.581164,0.0732749,0.406476,0.375164,0.743767,0.208594,-0.192846,0.925535,0.215308,-0.266274,-0.381451,-0.389264,0.737663,-0.53209,-0.347026,0.564562,0.34373,-0.828242,-0.523362,-0.513169,-0.554491,0.797174,-0.340251,0.894162,0.0838343,-0.262551,-0.973815,-0.630848,-0.821589,0.0774865,-0.0959197,0.811213,-0.222022,-0.15659,-0.624866,-0.314127,0.309977,0.252846,0.525193,0.275246,-0.169103,0.964721,-0.306192,-0.0722983,-0.723869,-0.670522,-0.275369,0.308206,0.709952,-0.361064,-0.784845,0.647938,0.575488,0.376385,-0.233314,0.994629,0.944823,-0.533738,-0.765435,-0.537767,0.768975,-0.475265,0.978027,-0.518601,-0.872188,-0.890805,-0.890011,-0.95117,0.48027,-0.0314646,-0.252358,-0.0219428,-0.0861538,0.292947
0.993591,0.678884,0.481491,0.443281,0.62212,0.1489,-0.196203,-0.825129,0.460982,-0.0182196,-0.542772,0.119236,-0.282266,-0.516221,-0.887692,0.826777,0.588244,-0.488083,-0.447127,0.523606,0.506638,0.723991,0.92584,0.361553,0.395367,-0.171545,0.991577,-0.331584,0.915098,-0.165319,-0.626453,0.197729,0.714774,0.302896,-0.191137,0.378582,0.681753,-0.406171,0.397565,-0.433882,0.191565,-0.880734,-0.146947,0.291177,-0.642018,-0.408307,-0.247902,0.510361,-0.716788,-0.725761,0.784722,-0.144017,0.307657,0.231117,-0.995911,-0.113742,0.259865,0.576952,0.0769372,0.335185,0.706839,0.727409,-0.467025,-0.637623,-0.796197,-0.351176,-0.984558,-0.19657,-0.455611,-0.891598,0.530686,-0.58037,0.0102847,-0.0758995,0.698355,-0.851985,-0.378399,0.214515,-0.998535,-0.648549,0.386761,-0.350749,0.0363475,0.0686361,-0.447737,-0.301492,-0.237648,-0.736198,-0.146886,-0.116611,-0.247536,-0.922605,-0.237403,0.0256661,-0.557299,0.0752281,-0.257912,0.498093,0.382488,-0.5009
0.99939,-0.204688,0.224097,0.707938,0.324137,-0.115879,0.454573,0.131626,0.88226,0.264077,-0.16306,-0.921995,0.613453,-0.420942,0.922483,-0.541368,0.49266,-0.179418,0.922239,0.157567,-0.220008,-0.422163,0.957701,0.281594,-0.729362,-0.712394,-0.689688,0.410016,0.545091,0.48442,0.671987,-0.155065,-0.781365,-0.949583,-0.605518,-0.13889,0.192236,0.465377,0.739799,0.955992,0.901608,-0.943236,0.130161,0.0993988,0.567797,-0.750359,0.39787,-0.0157781,-0.553148,0.81695,-0.964537,0.275674,0.0802942,0.128819,-0.55443,0.861812,0.544481,-0.596423,0.190954,-0.896725,-0.298929,-0.0431837,0.244667,-0.916623,0.446883,-0.54796,0.239723,0.858211,0.963805,-0.849788,-0.280557,-0.293863,-0.0310984,-0.839961,0.38731,-0.621326,-0.035493,-0.312052,-0.643239,-0.65038,0.488083,0.287881,0.401776,0.0657064,-0.637928,-0.888485,-0.794,0.19602,-0.0556963,0.158238,0.613636,-0.117405,0.377667,0.52501,-0.121128,-0.0101016,0.840144,-0.343547,-0.0839564,-0.644765
0.222999,0.00180059,0.240761,-0.970641,0.382977,0.254677,0.223182,0.418806,0.25016,0.49443,-0.686819,-0.243568,-0.682363,-0.898068,-0.830012,-0.379376,-0.0266427,0.415204,-0.527573,-0.328532,-0.250526,0.979125,0.168798,0.901364,-0.427168,-0.20426,-0.27311,-0.115635,0.0148015,0.574145,-0.615955,-0.973083,-0.458785,-0.0196844,-0.602771,0.817499,0.762627,-0.112461,-0.707144,0.0762047,0.683828,-0.374248,0.116855,0.205603,0.954344,0.232276,0.684744,-0.559923,0.118137,0.701285,-0.168493,-0.903867,-0.136143,0.233924,0.661733,-0.177709,-0.725578,0.48851,0.799493,-0.150975,-0.922422,-0.169652,0.638417,-0.761101,-0.104587,-0.418256,-0.408368,0.13657,0.494613,0.272134,0.341838,-0.981445,0.0362255,-0.112217,-0.908811,0.943663,0.326151,0.122227,-0.188452,-0.197668,0.0645466,0.625843,0.494064,0.567553,-0.903806,-0.74395,-0.600452,-0.456099,0.660512,0.327555,-0.69158,0.618213,-0.358745,0.861812,-0.22953,-0.490707,0.816828,0.837336,-0.644826,0.0179754
-0.215125,0.780328,0.382244,-0.747063,0.605396,0.417035,0.616749,0.556932,-0.917295,0.512131,0.838069,-0.533921,0.799738,0.985412,0.130955,-0.691458,0.655568,-0.114536,-0.478378,0.166112,0.11594,0.639882,-0.772332,0.124485,0.462874,-0.694937,-0.0918912,0.523362,0.0447707,-0.183508,-0.0867641,-0.793695,-0.473434,-0.761711,0.53502,-0.229225,-0.860469,-0.986267,-0.743522,0.818232,-0.0687582,0.214881,-0.99762,-0.796258,-0.984191,0.792779,-0.611255,-0.713248,0.823847,0.827143,-0.0270089,0.180273,0.352031,-0.22306,-0.496078,-0.998779,0.413739,-0.27018,-0.828181,0.120701,0.888668,0.652455,-0.141636,0.413312,-0.0270699,-0.359783,-0.613514,0.50792,-0.57091,0.167699,-0.229163,0.037019,-0.163976,-0.661855,0.467147,0.887326,-0.160985,-0.866207,-0.3773,0.449141,-0.600208,-0.334147,-0.673757,0.866878,-0.953429,0.42436,0.857906,0.288797,-0.876095,-0.471847,-0.0609455,0.116977,-0.957396,0.97528,-0.017304,0.257607,0.530198,-0.1077,-0.656911,0.370525
-0.467574,-0.945067,0.609058,0.415815,0.0602741,-0.900754,0.750847,0.728446,0.282693,-0.48851,0.00338755,0.874691,-0.736381,-0.65508,0.925108,-0.316935,0.118076,-0.733879,0.249672,-0.279336,0.261452,-0.194983,-0.863033,-0.457381,-0.339824,-0.395428,-0.577441,-0.0575274,-0.918577,-0.328715,-0.13242,0.202124,0.34312,-0.375103,0.409223,0.341533,0.564013,-0.0517289,0.41026,-0.63097,0.413495,0.23777,0.909421,-0.468612,0.361919,-0.547166,0.871029,0.563524,0.930357,0.166356,-0.564745,-0.0614948,0.940611,0.814386,0.168249,-0.882076,-0.234779,-0.0537431,-0.688406,-0.198462,-0.422224,0.474715,0.0329295,0.177404,-0.397687,-0.0743736,0.675527,-0.828181,0.363872,0.688284,-0.991516,0.699454,-0.061861,0.265114,0.476791,-0.0868862,0.201697,-0.478011,0.451033,-0.546007,-0.918271,0.937925,0.477645,-0.298379,0.806574,0.85522,0.528855,-0.976379,0.15482,-0.270425,-0.747368,0.0261544,0.70629,0.379925,0.222938,-0.19657,-0.908689,0.238319,0.189184,0.188025
-0.405438,0.989257,-0.701773,0.234291,0.371258,-0.428877,0.165197,0.701102,-0.930967,0.819819,-0.514267,0.719047,-0.941527,-0.862178,0.147801,-0.635426,-0.442427,0.0881069,0.51207,0.499496,0.882138,-0.356548,-0.338115,0.0203558,-0.304605,-0.562853,0.653188,-0.890744,0.258583,0.01236,-0.235389,-0.516709,-0.319681,0.0724815,-0.252602,0.644765,-0.833125,-0.268777,-0.924436,-0.869076,-0.727531,-0.23777,-0.804376,-0.235511,-0.851375,0.849483,-0.22306,0.903134,-0.205298,0.83697,-0.038728,-0.310282,-0.692312,-0.0210883,-0.3867,-0.697684,0.132298,0.189673,0.570238,0.204138,0.310709,0.293802,-0.108188,-0.606555,0.732902,-0.724052,-0.889279,-0.34611,0.386517,-0.468978,-0.51793,0.804071,-0.393231,0.113926,-0.766228,0.947752,-0.67333,-0.0101627,0.81634,-0.276101,0.326823,-0.715934,0.152745,-0.44322,0.485336,0.532151,-0.110996,0.905637,0.0281686,-0.0704672,0.643544,-0.485214,0.778863,0.582202,0.257363,-0.335978,-0.591479,-0.244118,-0.955626,-0.58208
0.680288,0.145177,0.152074,-0.564867,-0.714469,-0.479598,0.190039,-0.413984,0.112705,0.583972,0.508957,0.92822,-0.637135,-0.55974,0.757317,-0.455428,-0.305643,0.713553,0.165624,-0.837092,0.472518,-0.202673,-0.203528,-0.594714,0.0195624,-0.895199,0.794488,0.0384228,-0.135044,0.318644,0.636219,-0.776666,0.995056,0.641041,-0.619678,-0.234046,0.103244,-0.956297,-0.0824915,-0.633595,-0.160009,0.517991,0.220557,0.869564,-0.937254,0.324625,-0.405866,0.514634,-0.913877,0.243995,0.925047,0.185583,-0.0683309,0.825922,0.932127,-0.339335,0.577868,-0.36021,0.41612,0.862972,-0.789727,-0.475387,0.510056,0.109775,-0.528306,0.838862,0.928709,0.363201,0.711722,-0.289651,0.219092,-0.520432,0.237037,0.286782,0.0101016,0.460128,-0.438643,0.985168,-0.737236,-0.299722,0.655568,0.741997,0.520188,-0.759819,0.197302,-0.736564,0.157384,-0.985534,-0.178564,-0.724784,0.631397,-0.897641,0.369915,0.772515,0.731376,-0.0224921,0.141575,-0.730155,-0.171545,0.758049
-0.952513,-0.898984,0.735466,-0.868099,0.379009,-0.184729,-0.841975,0.728751,0.0889615,-0.600757,0.813044,0.217627,0.636158,-0.398175,-0.182592,-0.588122,-0.89172,0.613269,-0.457991,-0.80871,0.472091,0.315165,-0.138279,0.751946,0.822932,-0.469466,0.405316,0.856258,0.635304,-0.726005,-0.194678,-0.916807,0.0125431,0.0013123,0.948302,-0.921873,-0.0631428,0.859798,0.224708,-0.197241,-0.480575,0.938169,0.778985,0.785272,-0.749687,0.516404,-0.240822,-0.629872,0.248451,0.316019,-0.432417,-0.0317087,-0.488327,0.750053,-0.889706,-0.692801,-0.833247,-0.827326,-0.952818,-0.319498,-0.280496,-0.870296,-0.957762,0.198462,-0.69573,-0.391827,-0.986816,0.0375683,0.934812,0.28666,0.381756,-0.309122,-0.246742,0.78515,-0.676504,0.21775,0.281106,-0.0851772,0.0179144,0.494003,-0.331584,0.928587,-0.101535,0.461715,0.944456,0.770501,0.902402,0.379681,0.267067,-0.673879,0.721,0.0727256,0.173376,0.672475,0.0493484,0.182409,0.829096,0.327921,-0.163488,-0.583483
-0.248268,0.0626545,0.823115,-0.66216,0.455794,0.790643,0.586352,0.289834,-0.107334,0.105686,-0.573046,0.167943,-0.501572,0.573717,-0.193701,-0.65508,0.822504,-0.563463,0.424299,0.99414,-0.222571,0.861751,0.468856,-0.660268,0.889279,0.192602,-0.133702,-0.0932951,-0.452864,0.198218,-0.468673,-0.229225,0.2537,-0.676565,-0.38316,-0.191565,0.874569,-0.0610065,-0.236061,0.947142,0.888852,0.591357,-0.647877,0.414777,-0.361064,0.252663,-0.250832,-0.00961333,0.580432,0.571032,0.561022,0.253517,-0.467757,0.120151,-0.118076,0.83459,0.926634,0.649648,0.544603,0.664907,0.0589312,-0.665212,0.369854,0.226417,-0.662038,-0.973144,0.416791,-0.198157,0.535813,0.502731,-0.767144,-0.275185,-0.96234,0.715079,-0.896176,0.629688,0.0922575,-0.957701,0.303629,-0.298502,-0.938658,-0.461226,-0.655568,0.926267,-0.329814,-0.815546,-0.773003,-0.659536,0.257241,0.135289,-0.310038,-0.718192,0.0240791,-0.027253,-0.539415,0.638417,-0.714164,-0.0456862,0.504196,-0.900754
-0.814753,-0.611866,0.229408,0.248207,0.555467,0.420392,-0.0755943,0.493698,-0.877255,-0.897519,-0.935789,-0.847102,0.141392,0.299234,-0.173009,-0.329447,0.525803,0.847652,-0.324198,-0.911069,0.100375,0.807733,0.609119,-0.701956,0.84991,0.711905,0.41026,0.28544,0.169103,0.815485,-0.101962,-0.613697,0.113132,0.346232,0.176244,0.533738,0.647023,0.754631,-0.116123,-0.491806,0.896115,0.963927,0.445051,-0.812067,0.395856,0.619861,-0.681021,0.798883,0.341838,-0.659169,-0.749809,-0.835505,0.8399,-0.0318308,-0.481735,-0.0438551,0.155919,-0.184484,-0.812006,0.942564,-0.0339671,-0.0806604,0.359294,-0.759758,0.606494,0.288675,-0.582873,0.563463,0.323588,-0.844661,0.281899,0.473983,0.523972,0.223792,-0.341166,-0.368755,-0.975707,-0.0790124,0.288553,-0.957579,-0.698477,0.646718,0.196692,-0.687551,-0.257424,0.0232246,-0.0558184,-0.106418,0.894711,0.145726,-0.12302,0.3361,0.715201,0.831843,-0.623768,-0.462447,-0.178442,0.871883,0.10831,0.993652
0.354411,0.686087,0.455367,-0.318033,-0.937864,0.456893,0.181249,0.657277,0.992065,0.0443434,0.542344,-0.185949,-0.306192,-0.832636,0.317057,-0.869137,-0.263039,-0.373272,0.428266,-0.206641,0.960448,-0.444624,0.193396,0.444197,0.722648,-0.331889,-0.42552,-0.567064,0.151524,-0.488021,-0.572069,-0.933592,0.394696,-0.284158,-0.245094,-0.141697,0.869198,0.240761,-0.0491043,0.779412,-0.48851,0.629749,-0.944029,-0.492599,-0.972167,0.257912,0.00485244,0.677236,-0.856136,0.582263,-0.123325,0.130711,0.854793,-0.608081,0.145054,-0.833247,0.675161,-0.941893,0.928343,0.791314,0.88934,0.784051,-0.760796,-0.0328074,-0.19895,0.854854,-0.765069,-0.135472,-0.0163884,0.887814,0.467391,0.110263,0.529893,0.0821863,0.132908,-0.961547,-0.697806,-0.530747,-0.677664,-0.0597858,-0.81756,0.162511,-0.728874,-0.686392,0.322123,-0.392804,-0.390728,-0.886227,0.392132,-0.169225,0.611133,-0.997131,0.833003,-0.307413,-0.554247,0.600208,-0.895383,-0.86578,0.42674,-0.268105
-0.88757,0.253517,-0.913572,-0.361187,0.737358,0.792108,0.178869,0.531236,-0.744499,0.580737,-0.543504,-0.389386,0.0798669,-0.474471,0.646718,0.00381481,-0.435224,-0.713553,-0.956847,-0.783624,0.255959,0.527329,0.756218,0.383038,0.140416,0.16599,-0.0377514,-0.482894,-0.103183,0.624195,0.154393,0.761162,0.144993,-0.922666,-0.608081,-0.363628,0.696341,0.70513,-0.449263,0.293008,-0.196448,-0.0591144,-0.427046,0.760186,-0.58916,-0.278115,0.717215,0.195898,0.40379,0.739494,-0.191565,0.137059,-0.140782,0.688711,0.488205,-0.250465,0.295694,-0.481429,0.464278,-0.921995,0.92291,0.68218,0.760857,0.296304,0.891964,0.386151,0.968566,0.956725,0.545518,0.841365,0.494491,-0.759148,0.667592,-0.487533,-0.188025,-0.790948,-0.266457,0.368084,-0.288919,0.0506302,-0.839778,-0.869442,0.54796,-0.666372,0.555895,0.526414,-0.504807,0.255287,0.970092,-0.464217,-0.208045,0.891537,0.143834,0.643056,-0.00625629,-0.552843,-0.240455,-0.913938,-0.777581,-0.493881
-0.982421,0.315226,0.335551,-0.26487,0.289041,-0.212867,0.138401,0.743828,0.201819,0.408307,0.113193,-0.00283822,0.329814,-0.727042,0.890378,0.927366,-0.577502,0.213721,0.401105,-0.17008,-0.344646,0.0514237,0.127354,0.11362,0.879452,0.84521,-0.648,0.550462,0.871639,0.142491,-0.591479,-0.474288,-0.415387,-0.77105,-0.0686972,-0.711966,-0.603015,-0.621326,-0.894589,0.199316,-0.637074,0.103916,-0.083224,0.984741,-0.537461,-0.594897,0.402142,0.982604,0.851619,0.0212104,-0.101169,0.394757,0.111667,-0.32078,-0.704825,0.536119,-0.499863,-0.655385,-0.719779,0.0850551,-0.799738,-0.528916,0.593799,-0.666982,-0.42906,0.250526,0.276406,0.435041,-0.603137,-0.136876,-0.0805994,-0.340922,0.138646,0.727592,-0.084933,-0.363384,0.18247,-0.249489,-0.293802,-0.387677,-0.909543,0.577074,0.0365917,-0.305826,-0.149571,-0.159398,-0.799371,-0.896603,-0.873898,-0.587207,-0.706229,0.424604,-0.49321,0.653554,0.461959,-0.144444,-0.242225,0.661,-0.847957,-0.542711
0.83758,-0.604297,0.953063,0.322001,0.413129,-0.205176,0.63213,0.816645,-0.899289,-0.951903,0.612781,-0.8399,0.741508,-0.564928,-0.43376,0.618519,-0.350871,-0.979431,0.261391,-0.132176,-0.139927,0.904538,0.814692,0.244301,0.383526,0.471908,-0.0596026,0.994446,0.451155,0.643056,0.200232,0.524644,0.767388,-0.876766,-0.746269,-0.348308,0.759209,-0.346904,-0.891903,0.852474,-0.173559,-0.741752,-0.631947,-0.486007,0.591479,-0.500351,0.486129,-0.816584,0.149266,-0.276772,-0.987732,0.818171,-0.682485,0.31016,0.844478,0.0355541,-0.113376,-0.0732749,0.47795,0.363445,-0.130467,0.774529,0.255898,0.489486,0.751946,-0.159948,-0.381024,-0.488327,0.742058,0.145177,0.355693,0.188208,0.0209662,-0.00320444,-0.147984,0.187231,-0.00772118,0.237098,0.341594,-0.66277,0.532273,-0.50676,0.155919,0.876888,-0.760186,-0.572253,0.973937,0.704825,0.686636,-0.0119327,-0.927793,0.629994,-0.333171,0.657033,0.575304,-0.378643,0.447432,-0.297586,0.705008,-0.941771
-0.448225,0.684317,-0.369976,0.604785,-0.829096,0.807733,0.3455,0.825068,-0.654408,0.463485,0.704031,0.749565,0.865047,0.125156,-0.995544,-0.107089,-0.899716,0.91113,-0.747246,-0.460555,0.254677,0.83404,-0.588183,0.99292,-0.3867,-0.94879,-0.348308,-0.173376,-0.206519,0.114475,0.599353,0.133396,0.994507,0.220191,-0.411176,0.775628,-0.752495,-0.540819,0.911252,-0.36491,0.666128,0.0669271,0.0646077,-0.136631,-0.304483,0.673391,0.00424207,0.131382,-0.63683,0.552904,-0.607898,0.879574,-0.471541,-0.125401,0.847591,0.568041,-0.867061,-0.0480056,-0.803278,-0.0737632,0.450056,-0.506882,-0.277017,0.203284,-0.664663,0.850642,0.416608,-0.582141,-0.523667,0.271645,0.224769,0.608081,0.64275,0.147801,-0.697989,0.081576,0.936033,-0.734733,-0.74041,-0.334452,-0.960143,-0.945189,-0.583911,0.956847,0.470077,-0.1583,-0.953246,-0.428388,-0.175695,-0.904294,-0.365764,-0.604236,-0.967772,-0.318827,-0.882015,0.83459,-0.394269,0.106906,0.144566,-0.937132
-0.454207,-0.753349,0.138401,0.613758,0.103977,-0.382794,-0.312845,0.0439161,0.320475,0.106723,-0.336772,-0.391461,0.890561,-0.643483,0.232521,0.825983,0.763237,0.0744957,0.439741,-0.0939665,0.391339,0.28489,-0.541551,0.999878,0.981811,0.578295,-0.158666,-0.549974,-0.254616,-0.638234,0.769768,-0.959349,-0.853328,0.108798,-0.695914,-0.752983,0.154393,0.60918,-0.366314,0.486007,-0.50914,0.219214,0.32664,-0.634327,0.882565,-0.888485,-0.419965,-0.0641194,0.309671,-0.474715,0.469955,0.937559,-0.743522,-0.984191,0.201147,-0.94702,-0.0389721,-0.294778,-0.642506,0.156285,0.665395,-0.468429,-0.848262,0.562487,0.865413,-0.500229,0.675466,0.278298,0.5609,0.930784,0.149144,0.251808,-0.49443,0.712149,0.172277,-0.377544,0.457137,0.547777,0.973144,0.971191,0.427046,0.208045,-0.341105,-0.429853,-0.0691855,0.779656,-0.534104,0.633106,0.237709,-0.0843226,-0.990967,0.565172,0.621082,-0.914243,-0.467635,0.212745,-0.39201,0.825922,0.158666,0.113865
0.175817,-0.780145,-0.388348,0.0530717,0.89581,-0.223792,-0.979553,-0.119663,-0.335124,0.828425,0.0778527,0.563036,-0.789605,0.264565,-0.90112,-0.641469,-0.502365,-0.226234,-0.238197,-0.550035,-0.0197455,-0.904172,-0.641774,0.196387,-0.149754,0.27134,-0.95703,-0.617542,0.287881,-0.10831,0.0841395,-0.531297,0.7116,-0.651051,0.113193,-0.158605,-0.971801,-0.913877,-0.625233,-0.937437,-0.117161,0.84698,0.976928,-0.879818,0.908872,-0.0741295,-0.859188,-0.322184,0.977905,-0.581896,-0.548997,0.32487,0.449812,0.469893,-0.894711,0.826594,-0.577136,0.527879,-0.8352,-0.626148,-0.0164495,-0.41026,0.80401,0.833613,0.456648,0.453963,-0.43968,0.998169,-0.34489,0.969665,-0.415082,0.835994,-0.869564,0.286782,-0.108066,0.741203,-0.577929,-0.893979,0.608875,0.783563,0.308023,-0.0709555,-0.773614,0.958861,-0.945616,-0.691946,0.848811,-0.56151,0.6657,0.0962249,0.443281,0.819758,0.134617,-0.302652,-0.909543,0.37553,0.692251,0.31608,0.234413,0.304666
0.382366,0.486251,-0.65215,0.222205,-0.882443,0.141148,-0.465377,-0.784722,-0.368084,0.751091,0.983581,0.86578,-0.693533,-0.786187,0.312113,-0.0361644,-0.192358,-0.975219,0.0478835,-0.47734,0.336772,-0.472884,-0.121189,0.0278634,0.880612,-0.838557,-0.0972625,0.687735,-0.539109,0.7163,-0.122227,0.683218,-0.615467,0.577563,0.472335,0.417951,0.493759,-0.0209662,0.514695,0.768242,0.415693,0.252113,0.243507,0.332987,-0.187231,0.0756554,0.557543,0.683828,-0.367351,0.726554,0.265603,-0.385052,0.358013,-0.671072,-0.663137,0.393353,-0.743339,0.104892,0.150487,-0.991516,-0.368267,-0.375958,0.745842,-0.577319,0.0714438,0.0537431,0.0723594,0.820795,-0.301004,0.408856,-0.760125,0.860347,-0.576891,-0.198035,0.768181,0.921445,-0.812738,0.693472,-0.162816,-0.643056,-0.779595,0.141209,-0.462935,0.742485,-0.713553,-0.949278,0.118259,-0.873959,-0.0654622,-0.574694,0.241066,-0.721427,-0.251076,-0.384136,0.226173,-0.0564898,0.59917,-0.42906,-0.695669,-0.913022
0.675222,-0.371868,-0.782891,0.596362,-0.450056,-0.292886,-0.316874,-0.291971,0.307169,0.59386,0.738701,0.176855,0.11594,-0.0925626,-0.156102,-0.0558184,-0.710257,-0.525864,0.728263,0.283486,-0.463301,-0.422712,-0.359233,0.0503861,0.209387,-0.79284,-0.399762,-0.0676595,0.554979,0.311014,0.644704,0.699087,-0.0349437,0.0433058,0.0817591,-0.54796,0.225867,-0.984741,0.738823,-0.124973,-0.23191,-0.454451,-0.787591,0.483688,-0.0829798,-0.0906095,0.118992,0.87579,-0.85754,0.589404,0.344279,-0.0190741,-0.691275,0.525071,-0.706473,0.311014,-0.0753502,-0.637135,-0.858272,0.209815,0.393597,-0.293558,-0.916746,0.103183,0.263466,-0.633595,-0.418012,0.749016,-0.52324,-0.38963,0.621448,-0.512864,0.620472,-0.586962,-0.0454421,0.489608,-0.82403,-0.293924,-0.646168,-0.989746,-0.230567,-0.371746,0.861446,-0.364849,0.42143,0.775323,-0.96118,0.532395,0.79693,-0.549974,-0.782769,-0.298074,0.455672,0.91229,-0.252785,-0.774163,-0.898251,-0.371197,0.249001,-0.481613
0.452986,0.882138,0.73809,0.801202,-0.709647,0.467391,-0.535813,0.646107,-0.17893,-0.389142,0.293741,-0.567553,0.600513,0.517685,0.908994,0.39848,0.750542,0.771416,0.183874,0.786187,-0.790521,0.584948,-0.566454,-0.908628,-0.0179144,0.0497757,-0.335246,0.314005,-0.610645,0.386517,0.825556,-0.792352,-0.681082,-0.805475,-0.9447,-0.469955,0.474654,-0.29783,-0.0649739,-0.707327,-0.37315,0.0166936,-0.2631,0.0110782,0.8623,0.374187,0.674673,-0.0455031,0.834101,0.389752,0.153294,-0.60387,0.0116886,0.307352,0.0193793,-0.136692,-0.0687582,0.249794,-0.189123,-0.613025,0.444929,-0.531114,0.00698874,-0.24778,0.971618,-0.404645,-0.721549,-0.252235,-0.253578,-0.111301,-0.262551,0.416486,-0.929075,0.487472,0.187475,0.305094,0.563158,-0.340983,-0.626576,0.714164,0.407392,-0.950377,-0.768365,0.94818,0.604541,0.934629,0.139988,-0.434492,0.221778,-0.53209,0.167455,-0.371441,0.642628,-0.0672933,0.324747,-0.0464797,0.817194,-0.00912503,-0.186316,0.360576
-0.0301218,-0.427839,0.702445,-0.710379,0.963561,0.490707,0.542039,-0.144566,-0.144993,-0.21012,-0.544542,-0.441389,0.790277,-0.332377,0.207923,-0.502792,0.216224,0.184912,-0.00967437,0.757927,-0.869625,-0.483871,0.669485,0.665273,-0.668752,0.199072,-0.962096,-0.967528,-0.332072,-0.615467,-0.936033,0.410871,0.290506,-0.913266,0.141758,0.340007,0.899594,0.433332,-0.658864,-0.402264,0.996826,-0.0850551,-0.342204,0.450362,0.134373,-0.364299,0.263161,0.902219,0.165441,-0.437056,0.754509,0.946104,-0.506211,-0.222694,-0.595264,0.812983,-0.675771,0.722709,-0.587268,-0.777825,-0.0879238,-0.543748,-0.846919,-0.368633,0.813654,-0.101413,0.42613,0.486312,-0.864254,-0.916746,0.707938,-0.528855,-0.213721,-0.592517,-0.599536,-0.241615,-0.276162,0.881466,0.0814539,0.258583,0.207739,-0.621204,0.754326,-0.129124,-0.952025,0.88641,0.0983612,-0.267556,0.855647,-0.245582,-0.281411,-0.531114,-0.707755,0.946348,0.395856,-0.556017,-0.679617,0.288797,0.336772,-0.990112
-0.589282,-0.327372,0.488632,0.260353,0.239967,0.472762,-0.256508,-0.660329,-0.556749,-0.0362255,0.625599,0.121433,-0.854976,-0.885189,-0.598254,0.873409,0.567309,-0.694815,-0.938414,-0.101352,-0.72045,-0.425947,0.56737,0.785333,0.449202,-0.12888,0.103854,-0.343181,0.0911588,0.305948,0.328654,0.421674,0.318094,0.39848,-0.378094,0.0235298,0.590197,0.328532,-0.663503,-0.308878,0.965392,0.186438,-0.952025,0.188574,-0.650746,-0.777581,-0.195593,-0.935057,0.74517,-0.903073,-0.623402,-0.0954924,0.50383,-0.869381,-0.491928,-0.423261,-0.426191,-0.445723,-0.835078,-0.513779,-0.248512,0.758782,-0.213965,0.822748,0.93054,0.545213,0.532701,-0.188818,0.352519,-0.625172,-0.460982,0.961608,-0.143345,-0.380902,-0.838191,0.319254,-0.870296,0.809565,-0.769463,0.714591,0.956297,0.887814,0.297159,-0.98706,0.468368,-0.544237,0.88641,-0.634754,0.395856,-0.974487,0.74572,0.457259,0.316141,0.269265,0.0950041,0.760002,-0.0956145,-0.730827,0.877071,-0.220496
0.487472,-0.719474,-0.690237,-0.195166,-0.41551,0.478866,0.739738,-0.998291,0.357036,-0.894833,-0.257912,0.748833,0.744621,-0.43498,-0.171239,-0.445112,-0.606311,-0.966918,0.343547,-0.176611,-0.0920743,-0.296182,0.712271,0.102206,-0.902097,-0.9588,0.692801,-0.666189,-0.768731,0.0286569,0.62505,-0.894833,0.282754,-0.580859,-0.319071,-0.102206,0.183935,-0.0148015,0.114475,-0.662343,-0.926389,0.768914,-0.488449,0.445418,-0.452437,-0.668203,-0.959655,-0.113865,0.908628,0.00509659,-0.299112,0.219459,-0.583544,0.139317,0.575182,0.14951,0.538072,0.354717,-0.922605,0.775018,-0.802728,0.791009,-0.796258,-0.160802,0.0250557,-0.642689,-0.217689,-0.0202338,-0.390667,-0.017365,0.72338,0.979125,0.74517,0.865047,-0.730827,0.013947,0.684378,0.722526,0.243995,-0.0943327,-0.613819,-0.957701,0.304178,-0.62981,-0.233436,0.331462,0.187963,-0.732109,-0.0513016,0.366314,0.965819,0.853694,-0.487289,0.442793,0.290078,0.027131,-0.25425,-0.373577,0.645253,-0.41789
-0.0630818,0.46617,-0.346171,-0.492599,0.844966,-0.721366,-0.766289,0.31492,-0.667104,0.303934,-0.266213,-0.499863,0.644826,0.388592,-0.318888,-0.400922,-0.0965911,0.0704062,0.106967,-0.535875,-0.639454,0.828791,-0.203894,-0.486007,-0.353069,0.334391,0.537523,0.983886,-0.977966,-0.300638,0.374004,-0.824702,0.6245,0.727287,0.852168,0.706351,-0.27842,-0.837031,0.272683,0.761284,0.959655,-0.0571612,0.940062,0.340983,-0.386151,0.444685,0.412641,-0.48735,0.838374,-0.26249,0.7528,0.659902,0.916257,-0.167943,-0.223304,-0.267373,0.509262,0.930174,0.304605,-0.50267,-0.091586,0.675222,-0.589648,0.78692,0.283364,-0.59801,-0.327921,-0.24955,0.932737,-0.613269,0.421552,-0.896298,0.534165,0.0970183,0.994507,-0.621326,0.394024,-0.558275,-0.0194403,0.173864,-0.302347,-0.978576,0.473434,-0.595996,0.759514,-0.622181,-0.679617,0.550462,0.2725,-0.755791,0.373028,-0.0891446,0.558947,0.79516,-0.263588,-0.150731,0.819697,0.896664,-0.980102,0.0461745
-0.0840785,0.66924,-0.841304,-0.72692,-0.264931,-0.599658,0.451155,0.547105,-0.00491348,-0.998291,-0.930052,-0.397198,-0.223426,0.746513,0.246254,0.644887,0.523545,0.83343,-0.300821,0.928831,0.293008,0.636952,-0.11362,-0.989319,0.00552385,0.957579,0.253822,0.997681,-0.305094,0.271401,-0.514512,0.797418,0.75811,0.980285,-0.246132,0.368511,0.205481,-0.338054,0.969726,-0.0297555,0.910581,-0.680044,-0.968139,0.412824,-0.139683,-0.366558,0.0778527,-0.692862,0.404889,-0.792474,0.732963,-0.685171,0.507675,-0.176916,0.361187,0.398358,0.995422,0.686575,-0.685537,0.0710166,-0.191931,0.680471,-0.816584,-0.353191,0.249001,0.612903,-0.953429,0.490524,-0.765313,-0.532151,-0.279031,0.267739,-0.454939,0.65508,0.0117496,-0.80517,0.0732139,0.259987,0.962462,0.289041,0.0755943,-0.706046,0.104953,-0.381878,-0.578234,-0.0559404,-0.29075,0.551012,0.844905,-0.176916,-0.966308,0.00698874,0.191076,0.219764,0.57506,0.706473,0.669851,0.34843,0.318155,-0.579577
0.898312,0.415998,-0.846797,0.710379,0.38908,-0.454817,0.257851,-0.872555,0.0152898,0.537156,0.122593,0.454268,0.0975677,0.135166,0.61681,0.639271,-0.133335,0.30546,0.145177,0.478744,0.713553,-0.51323,0.897519,0.866573,-0.560839,-0.159337,0.0985443,0.0441603,-0.495102,0.501083,-0.741508,0.850826,0.282144,0.824824,-0.577441,-0.0267647,0.302347,-0.358745,0.421125,-0.804071,0.50737,0.502609,0.119724,0.651234,-0.501083,0.933409,-0.330973,0.0686361,0.789178,-0.318949,0.754936,0.0258492,0.0501419,-0.0342723,0.848384,-0.80224,0.36436,0.729972,0.455611,-0.392621,-0.525864,-0.110813,0.367901,-0.125095,-0.967772,-0.418683,0.91174,0.468612,-0.148534,-0.582934,-0.801263,0.954039,-0.845332,-0.27018,0.375713,-0.755303,-0.174902,0.825434,0.87463,0.85168,-0.344035,0.232582,-0.337443,0.133518,0.600757,-0.0475173,-0.508286,-0.453291,0.0229804,-0.290811,0.149632,0.89526,-0.053621,0.199194,-0.291238,0.580798,0.30491,0.341838,-0.223121,0.852718
0.488876,0.200476,0.281961,-0.867672,-0.562731,0.360881,0.787896,-0.820368,0.605457,0.512375,-0.20426,0.733207,0.343913,0.736991,-0.990295,0.259804,0.272927,-0.551073,0.52855,-0.316568,-0.467818,-0.355693,-0.904599,0.634999,-0.969115,-0.848628,0.348064,0.702445,-0.302103,0.880306,-0.931211,-0.319254,0.731498,-0.926695,-0.565538,-0.178137,-0.150548,-0.445296,-0.733634,0.084994,-0.46086,-0.0191351,0.280496,0.386029,-0.692495,0.0899991,0.337138,-0.15183,-0.0690023,-0.0474563,-0.308817,-0.948424,-0.294534,0.220923,-0.757744,0.283425,0.696524,0.379559,0.784417,-0.212195,0.989135,0.994934,-0.744072,0.0160833,0.937803,-0.0345164,0.990173,-0.123508,-0.583361,0.771844,-0.035493,0.984313,0.0693686,0.726493,0.0511795,-0.088229,-0.440962,-0.775994,-0.733207,0.438398,-0.181677,-0.00888089,0.0226753,-0.199561,0.299478,-0.663625,-0.62566,0.941404,0.224219,0.400555,-0.727775,0.761773,0.833796,-0.593799,0.81109,0.368877,-0.361003,-0.0917081,0.480209,-0.672658
-0.783441,0.49443,0.640004,-0.144383,-0.688162,0.82226,-0.633961,-0.228675,-0.129856,-0.560533,-0.76043,-0.537828,-0.098117,-0.83758,-0.789483,0.590136,0.609119,-0.188879,-0.954711,0.446089,0.635182,-0.54033,0.57683,-0.800348,-0.685171,-0.314066,0.954283,-0.850398,-0.0756554,0.821894,-0.106845,-0.0265816,0.931272,-0.796869,0.925718,-0.0224311,-0.755486,0.419477,0.650319,-0.652577,-0.535447,0.56444,-0.0182196,-0.602771,-0.866756,-0.514634,-0.598621,-0.179785,-0.0162664,0.033845,0.206885,-0.0616169,-0.809381,-0.684988,-0.23777,-0.0472121,0.620045,-0.0619221,0.747978,0.193335,0.0793176,-0.733818,0.410993,0.368816,0.56737,0.666433,-0.185461,0.816889,-0.475631,0.759514,-0.911618,-0.245888,0.0820643,0.670339,0.67864,0.526231,0.313395,-0.722343,0.597705,0.857479,0.482955,0.464156,-0.325419,0.10123,0.296487,0.366192,0.804621,0.489731,0.151341,0.624378,0.199499,0.384136,0.386212,-0.366985,0.637379,-0.47557,0.531175,-0.209693,0.71276,0.279763
0.198096,-0.494552,0.0901822,0.146702,-0.518906,-0.264321,0.0711386,0.367779,-0.990967,-0.690481,-0.350139,-0.61858,-0.437239,0.590808,-0.211158,-0.985595,-0.651112,0.931639,-0.998718,0.206763,0.249794,0.922361,-0.398785,-0.738334,0.0735801,0.641713,-0.0465407,0.0957976,0.804315,-0.0933561,0.723685,0.488998,0.851558,0.522385,-0.872005,0.334269,-0.699026,0.532456,-0.816156,-0.111911,0.163793,0.468612,-0.0409253,0.0202338,0.627125,-0.39903,-0.177709,0.463546,-0.696219,0.187963,0.693167,0.0643635,0.482406,-0.273904,0.291787,-0.967833,0.377422,-0.799677,0.389325,-0.810175,-0.621021,-0.666005,-0.942442,0.223365,0.303201,0.838435,0.919187,-0.0677816,0.641713,0.663503,-0.602466,0.479049,0.812067,0.247169,0.966857,0.639821,0.407575,-0.23423,-0.59801,0.053621,0.447432,0.384014,0.02884,-0.526963,-0.373516,0.504746,-0.0261544,-0.986145,0.565355,0.0190741,0.414289,0.405255,0.0605182,0.556566,0.828364,-0.760674,-0.665822,-0.265114,-0.755242,-0.778069
-0.22953,-0.711051,-0.103488,-0.395428,0.0428785,0.0353099,0.80401,0.615223,-0.321024,-0.884945,0.798029,-0.106418,0.898923,0.999329,-0.446272,-0.478072,-0.354656,-0.805841,0.0939055,0.242897,0.833613,-0.509018,0.0389721,0.708975,-0.398297,-0.783807,0.85699,0.732963,0.560289,0.481491,-0.886349,0.53795,-0.957396,-0.566393,-0.277566,0.0069277,0.354839,-0.495468,-0.805658,-0.066744,-0.97467,0.661367,0.88818,-0.729667,0.0556352,0.656362,0.260109,0.381756,0.169469,0.276894,0.114231,0.291299,-0.93646,0.595569,-0.14774,-0.0672323,0.657094,0.220069,0.723502,-0.59978,0.342021,0.543382,-0.925108,-0.801996,0.232887,0.993408,-0.398785,-0.509629,0.416852,0.283486,0.594653,-0.648122,0.203894,-0.338176,-0.804926,0.017243,-0.623585,0.162084,0.640309,0.13126,-0.560228,-0.147252,-0.484542,0.998901,0.871761,-0.912168,-0.996521,-0.164647,0.372723,-0.243812,0.134983,-0.98413,0.116001,0.532029,-0.961852,-0.674062,0.997375,0.124546,0.189001,-0.788751
0.470016,-0.996765,-0.182043,0.0961028,0.804559,-0.781243,0.560167,-0.691824,-0.248207,0.341227,-0.597034,0.780694,0.964293,0.269997,-0.366436,-0.420942,0.926389,-0.200842,0.496139,0.788446,-0.795465,0.867183,-0.558092,-0.236793,0.697378,0.807184,0.379254,0.377606,-0.114719,0.596728,-0.076693,-0.724845,-0.919126,-0.892087,-0.353557,0.119114,0.678823,-0.642506,0.328104,-0.157994,-0.594409,0.756706,0.204566,0.896176,0.569994,-0.638966,-0.780755,-0.49675,0.312601,0.121006,-0.727287,-0.0954314,-0.143895,-0.86877,0.472457,0.61095,-0.244606,-0.118809,-0.617176,0.652699,0.147191,-0.495468,-0.724479,-0.170385,-0.999817,-0.970214,0.379009,0.961303,0.365459,-0.370159,0.129002,0.136387,0.62566,0.872127,-0.581957,0.963622,0.745842,0.968566,0.845882,0.820795,0.522813,-0.974303,0.969176,-0.894528,0.835627,-0.705435,0.551622,-0.515183,-0.104709,-0.579211,0.81402,0.145299,-0.505234,0.694449,-0.315775,0.0430616,-0.740837,0.30015,0.046968,-0.846248
0.217933,-0.877987,-0.402509,-0.548875,-0.787164,0.814875,0.930418,-0.714286,-0.742851,-0.934629,0.880367,0.148656,0.456099,0.237709,0.648488,0.905942,0.418806,0.0122379,-0.43553,0.364971,-0.491623,0.635975,0.337382,0.524644,0.0918912,0.172094,0.304727,-0.174841,-0.209815,-0.249611,0.683218,0.398236,0.728141,0.81695,-0.181738,-0.683218,0.784478,0.384198,0.434431,-0.154515,0.841792,0.281167,0.885006,0.690054,0.0365917,0.403119,0.402142,-0.752251,-0.990661,-0.0381787,0.347087,0.857479,-0.845576,0.735405,-0.540147,0.0490432,-0.129917,0.318339,-0.890622,-0.205969,-0.191565,-0.628346,0.543626,0.755486,0.125645,0.872738,0.139195,0.537584,-0.26841,-0.634754,0.651906,0.936094,0.540147,0.209387,0.466292,-0.812006,0.719169,0.831843,0.84582,-0.778008,-0.0596637,-0.0246284,-0.817072,0.908078,0.6292,0.949644,0.248878,-0.692679,-0.784783,0.880184,-0.556078,-0.0773034,-0.61803,-0.0406812,0.0471511,-0.0517289,-0.683401,0.695669,0.466536,-0.480392
0.14481,0.612476,-0.0688803,-0.3773,0.805292,-0.59386,-0.605274,-0.903073,0.654653,-0.308267,-0.74987,-0.942442,0.189611,0.18955,0.707022,0.718925,-0.604907,-0.329386,0.588061,-0.528733,-0.00570696,-0.793207,-0.420637,-0.869503,-0.301309,0.420759,0.480392,0.188513,0.458052,-0.26426,0.453719,0.0627155,0.71044,0.626087,-0.724723,-0.653493,-0.36784,-0.133335,-0.415632,0.0589923,-0.612171,-0.216712,-0.866573,-0.105014,-0.619678,0.502487,-0.961669,0.475204,0.500961,0.201514,0.0280465,-0.403912,-0.621021,-0.641591,0.694998,-0.520066,0.632252,-0.997864,-0.255348,-0.975402,-0.883297,0.962401,0.246132,0.0540483,0.176794,0.11948,-0.118503,-0.432295,-0.105075,0.654714,-0.803766,-0.00894192,-0.65801,0.299966,-0.150853,-0.574938,0.827326,0.588183,0.862178,-0.103122,0.148106,-0.897275,0.870785,-0.391034,0.840144,-0.271889,0.373394,-0.810053,0.427412,0.899411,-0.0180364,-0.0559404,0.672231,-0.147618,0.671682,0.101291,-0.174963,0.873959,0.0309763,-0.932493
-0.277322,0.705252,0.00241096,-0.778741,-0.11655,0.0359203,0.803095,-0.307718,0.466597,0.395734,0.69866,0.990478,-0.455245,0.186254,-0.376934,0.0348827,0.725761,-0.343181,0.670461,-0.782403,0.402264,0.154515,-0.65508,-0.346904,-0.997559,-0.626148,0.810907,0.428694,0.23954,0.607288,-0.857173,-0.145909,0.361858,-0.00534074,0.575549,0.712027,-0.597217,-0.226417,0.753777,-0.492477,0.431196,-0.470687,-0.0175481,-0.281533,0.800775,-0.555162,0.476852,-0.954588,-0.599475,-0.449263,-0.387799,0.66155,-0.0954314,0.975219,-0.825983,0.462508,0.022248,-0.805963,0.607898,0.316935,0.748039,-0.718986,0.269631,-0.684133,-0.388653,-0.842891,0.6751,-0.976928,-0.0728477,0.841365,-0.249672,0.72515,0.0452589,-0.299844,0.0817591,0.681021,0.600757,-0.302286,0.165624,-0.627552,-0.236122,0.645924,-0.341472,0.75396,0.490036,-0.545885,0.627247,-0.497604,-0.230323,-0.620411,0.798578,0.267739,-0.121433,-0.722953,0.809503,0.922239,-0.372417,0.848994,-0.542772,-0.189123
-0.69689,-0.578845,-0.694693,0.616077,-0.839778,0.309671,0.594836,-0.962889,0.782281,0.596301,0.787896,-0.881527,-0.736076,-0.611499,-0.604663,0.415021,-0.905393,0.250832,0.447615,0.0633259,0.408246,-0.545274,0.744438,-0.96765,-0.766961,0.228919,0.105258,0.372967,-0.257973,-0.991089,-0.380963,-0.532151,0.502609,-0.312601,-0.105747,0.282083,0.726737,-0.136021,-0.691214,-0.387432,0.520981,-0.904599,0.260292,-0.661794,-0.863765,-0.85461,-0.584277,0.670095,-0.781732,0.234718,-0.0383007,0.401227,-0.94293,-0.708853,-0.145665,-0.84344,0.837397,0.199622,0.0693075,-0.35667,0.88818,0.0518509,0.851802,0.900632,-0.066744,-0.603259,-0.0336009,0.549547,-0.659169,0.490341,0.947508,-0.956725,-0.626331,-0.454512,-0.651234,-0.0828578,-0.560961,0.982238,0.993591,0.0383007,0.338847,-0.32255,0.224708,-0.143956,0.519333,-0.784722,0.154576,-0.348308,0.32139,0.136937,0.915036,-0.211463,0.230445,0.190283,-0.0925016,0.962096,-0.873592,0.580615,0.0530107,0.449629
-0.549791,-0.768792,-0.353923,-0.730583,0.564196,-0.122959,0.906796,0.956847,0.28666,-0.127476,-0.10886,0.23838,-0.604114,0.957762,0.129368,-0.487655,0.486435,-0.498459,-0.407086,0.431013,-0.780816,-0.248085,-0.0553301,-0.849788,-0.428449,-0.914487,-0.210974,-0.419843,-0.912717,-0.741874,-0.078341,0.634632,0.12656,-0.345683,0.579638,-0.518662,-0.884152,0.537584,0.69158,0.792108,-0.201697,0.300211,-0.872738,-0.00759911,0.4832,0.713553,-0.0517899,0.511826,-0.703726,0.177892,-0.342936,-0.966247,-0.570116,0.972289,0.448042,0.745598,0.39256,0.504685,-0.543382,0.588366,-0.740715,0.562181,0.00979644,0.50737,-0.0784631,0.560472,0.876034,0.701651,0.337077,0.794305,-0.485031,0.87402,-0.219825,-0.312662,-0.67217,-0.518662,0.091464,-0.957823,0.907285,0.984558,0.928037,-0.709708,-0.712821,-0.901975,-0.986816,0.741997,-0.80694,0.0406201,-0.613086,0.836482,0.291726,-0.215369,0.655507,-0.607959,0.441328,-0.693533,0.241493,-0.144261,0.941527,-0.163549
-0.149693,0.106418,0.475997,-0.431501,-0.656423,0.375286,0.697623,0.295267,0.301187,0.963439,-0.555773,-0.486129,0.201025,-0.536973,-0.061861,0.842097,-0.927915,-0.420087,0.0773034,0.135899,-0.25602,-0.617176,0.685598,-0.260353,0.0971404,-0.445906,-0.237465,0.735893,-0.687307,-0.360881,0.733451,-0.804559,0.122837,0.29667,0.699515,0.427534,-0.939879,-0.451277,0.687613,-0.770501,0.708304,-0.969359,-0.0995819,0.137181,-0.0484329,0.241066,-0.0334788,-0.325602,0.225135,0.791803,-0.809931,0.603504,-0.235145,0.658071,0.801263,0.175024,-0.142613,0.428205,-0.794305,0.37785,-0.909726,-0.446028,0.235145,0.189062,-0.398297,0.600513,-0.603137,-0.176,-0.669301,-0.504074,0.12418,0.986389,0.267129,-0.218177,0.0259102,-0.881893,0.701468,0.863155,-0.863155,-0.350444,-0.524827,0.257912,0.167455,0.249123,0.230384,-0.15244,0.754082,-0.926389,-0.340007,0.126804,-0.291238,-0.981872,-0.242225,0.453597,-0.730644,-0.0339061,0.0682089,-0.700858,-0.650502,-0.960936
0.605762,-0.971496,-0.372234,0.57622,0.94879,-0.819147,0.780694,-0.892697,0.0289621,0.271096,0.269509,-0.660329,-0.0252998,-0.915403,0.990234,-0.0174871,-0.738334,0.0670492,-0.188818,-0.969787,-0.0364086,0.574206,0.823542,-0.987487,-0.998413,0.121982,0.591113,0.244118,-0.605457,-0.363506,-0.599719,0.0748619,-0.491012,0.704031,0.510239,0.139866,0.309061,0.820856,-0.597461,-0.390606,0.606555,0.643605,-0.9682,0.438765,0.311075,-0.76104,-0.924986,0.61858,-0.320414,-0.666128,-0.81811,-0.575488,0.567064,0.565294,0.22483,0.667409,-0.324137,0.730399,-0.451216,-0.0567339,-0.193884,-0.9635,0.221473,-0.116733,-0.894406,-0.648793,0.283303,-0.59624,0.319742,-0.54796,-0.00277718,0.956236,0.0415967,0.276894,-0.90112,-0.222816,-0.0380566,-0.82635,0.0466628,-0.861507,0.119053,-0.849483,-0.728568,-0.402875,0.149144,0.125706,0.426923,0.245216,0.535813,0.177709,-0.360698,-0.0400708,-0.139622,0.795038,0.757622,0.653737,0.051973,0.126438,0.603381,0.524216
0.0342112,-0.772454,0.653371,0.79046,0.551744,-0.840876,0.257424,0.828303,0.46794,-0.409406,0.120151,-0.767754,-0.289346,-0.521897,-0.133518,-0.812922,-0.835261,0.797357,-0.796442,0.0218207,0.922056,0.793451,0.170568,-0.539781,0.531358,0.231056,-0.611438,-0.12949,-0.751335,-0.35551,0.310831,0.515427,0.287027,-0.412519,-0.527512,-0.19779,-0.933836,0.88348,0.740898,-0.467208,-0.536607,0.875118,-0.434797,-0.846553,0.0625324,-0.325175,-0.773186,0.00509659,0.404828,0.414533,-0.911008,-0.426923,-0.761834,-0.504379,0.847285,-0.262612,0.767937,0.839167,0.778924,-0.977477,0.906186,0.135533,-0.00668355,0.847468,-0.47795,-0.905271,0.682119,-0.224281,0.691885,-0.303568,0.368694,-0.234535,0.948912,0.439619,0.158544,0.419172,-0.466659,0.593005,0.989319,-0.765984,0.642689,0.444624,-0.119419,-0.14835,-0.318888,-0.447798,0.183935,0.308329,-0.489853,0.992981,-0.166906,-0.715262,0.698172,-0.386395,-0.406354,0.35612,-0.229408,0.280496,-0.686636,0.242286
0.97998,-0.0909757,0.918149,0.579272,0.740776,-0.848445,-0.629078,0.274941,0.474349,-0.0460524,0.248085,-0.537034,-0.540147,-0.489731,-0.263039,0.651967,0.10538,-0.0438551,-0.221229,-0.0831019,-0.802301,-0.381512,-0.681387,0.149205,-0.847224,0.265664,-0.444441,0.306742,-0.734733,0.357524,-0.807489,0.663625,0.958922,0.295145,-0.313639,0.0606403,-0.963866,-0.328837,0.497909,-0.845332,0.928587,0.5197,0.341716,-0.330668,-0.053621,0.565966,0.436323,-0.355571,0.528977,0.476852,-0.245705,0.686148,-0.5056,-0.889523,0.272011,-0.78283,-0.710135,0.766717,0.219764,-0.273293,-0.75866,0.436384,-0.668386,0.0201117,0.803705,-0.948119,0.0957976,0.469283,0.810724,0.737297,-0.995727,-0.73748,0.72515,0.0575884,-0.196997,-0.345439,-0.111484,-0.730461,0.741752,-0.783502,0.771477,-0.428755,-0.175817,-0.914243,0.223304,0.352153,0.0580157,-0.783563,0.722465,0.443098,0.704764,-0.371319,-0.373882,-0.633656,0.529893,-0.340678,0.420515,0.58562,-0.947325,-0.788507
0.503098,0.50444,0.746696,0.487594,-0.578722,-0.944395,0.233863,-0.13657,0.914182,0.748711,-0.152684,-0.0102237,-0.0431227,-0.186377,-0.16245,-0.846614,0.137913,-0.343669,-0.806574,0.94171,-0.0909757,-0.891659,-0.107944,0.492904,0.835139,0.677175,-0.851192,0.746086,-0.155431,0.79577,-0.33256,0.691031,-0.521104,0.0732749,-0.110202,-0.381695,0.142918,-0.455733,0.246132,-0.630726,0.354839,0.919431,-0.594958,0.58623,0.996033,0.834895,0.52324,0.961913,-0.438887,-0.897275,-0.504135,-0.509934,0.408185,0.960997,-0.793756,0.715323,-0.991638,-0.676931,-0.223975,0.982788,0.196387,-0.971435,0.815241,0.68865,0.419843,-0.907468,-0.328166,0.529649,-0.0101016,0.956114,-0.317423,-0.246559,-0.668996,0.735954,0.42204,0.40849,-0.76928,-0.525498,-0.0466018,-0.40611,-0.909909,-0.609668,-0.922117,-0.290384,-0.826716,0.127354,-0.414777,0.706534,0.857784,-0.994507,0.50322,0.335978,0.884396,-0.729545,0.348003,0.400372,-0.392865,0.343669,-0.625843,-0.997253
-0.308878,0.372295,0.450056,0.230445,-0.0867641,-0.289834,-0.470016,-0.957884,-0.0683309,-0.841426,-0.96704,0.919614,0.383587,0.589892,-0.230262,-0.434736,0.0660115,0.349162,0.336406,0.77929,-0.813654,0.504074,0.364055,-0.290628,0.61211,0.0949431,-0.230934,0.100986,-0.879086,0.384808,0.00283822,-0.452803,0.650624,0.109287,-0.697928,0.738762,-0.450911,0.726737,-0.0614338,0.714042,-0.175451,-0.33195,-0.530747,0.109043,0.395184,-0.413068,-0.0137638,0.407575,0.339457,-0.390362,-0.63329,-0.809076,0.14597,0.585131,0.523179,-0.611927,0.9635,0.334941,0.653188,0.525864,-0.149144,0.903378,0.489364,-0.0215766,-0.9729,-0.192724,-0.450301,0.217811,-0.878475,-0.713736,-0.61272,0.0636921,0.423505,-0.447432,0.840205,-0.0666219,0.132481,0.0410474,-0.718192,-0.908261,-0.391888,0.65923,-0.129307,0.901486,-0.379681,-0.962767,0.800531,0.0727866,-0.400922,-0.221961,0.550035,-0.0863369,0.884579,-0.292886,-0.866878,-0.420392,-0.0230415,-0.877499,-0.650807,-0.676138
-0.662038,0.0868862,-0.399884,-0.277749,-0.992492,-0.38554,-0.498703,-0.514817,-0.273476,-0.798029,0.728263,-0.901425,0.896298,-0.455061,0.160863,-0.232276,-0.562243,-0.0793176,-0.676321,0.404767,0.0414747,0.438581,0.63567,-0.121189,-0.582507,0.290201,-0.33964,-0.733879,0.545335,-0.00106815,-0.644093,0.10007,0.924009,-0.329569,0.324808,0.620838,0.82226,-0.757866,-0.935789,0.0257881,-0.471908,0.733818,0.215796,0.719291,-0.400739,0.496872,0.81579,0.562731,-0.886959,-0.534959,0.544908,-0.875546,-0.0838954,-0.595874,-0.0216987,-0.0699179,-0.125278,-0.838313,0.835932,0.711966,-0.875301,0.9176,0.23191,-0.340434,0.32139,0.433515,0.925291,-0.330424,0.889645,-0.696707,-0.430647,0.595569,-0.726188,-0.797174,0.962035,-0.501999,-0.812128,0.139988,0.295755,0.89465,-0.134678,0.704642,-0.592578,-0.989929,0.309122,0.318705,-0.971313,0.0260933,-0.458296,-0.51384,-0.964415,0.3314,0.855281,0.0430616,0.698599,0.771722,0.0613117,-0.5927,0.932859,0.899838
0.314615,-0.852229,0.887997,0.713309,0.501267,0.394574,0.4644,-0.216102,-0.775628,-0.713553,-0.720756,-0.840754,0.342265,0.800104,0.755486,0.286538,-0.845637,0.165502,0.381878,-0.508347,-0.348064,0.116977,0.96411,-0.770501,-0.232765,0.142674,-0.126072,-0.666066,0.624256,-0.265542,0.299783,0.267678,-0.211951,-0.361614,0.496261,0.372234,0.515427,-0.89581,-0.965514,-0.881832,-0.995666,-0.864376,0.0520341,0.354961,-0.355632,-0.259682,0.502731,-0.43907,0.266335,-0.820185,-0.593066,-0.906796,-0.607532,-0.780511,-0.898618,-0.561876,-0.513535,0.378826,0.489242,0.460616,0.203528,-0.819086,0.290017,0.654653,-0.360027,-0.597034,0.289651,0.393048,-0.41612,-0.673818,0.590564,-0.822382,0.764458,0.985412,0.861446,0.889157,0.10239,-0.580554,-0.41258,-0.963012,-0.0401318,-0.0787072,-0.6798,0.00985748,-0.609607,-0.712577,-0.0722983,0.324992,-0.611072,-0.931394,-0.155675,-0.121189,0.141758,0.81933,-0.679189,-0.803644,0.276711,-0.65215,-0.325602,0.681997
-0.0162053,-0.12656,-0.745537,-0.543016,-0.771905,-0.714652,0.57622,0.308023,0.80932,-0.713981,-0.465194,-0.324686,0.965148,-0.241127,-0.325175,0.0301828,-0.39079,-0.174474,0.341533,-0.792901,0.581042,0.0958586,0.930906,0.653981,-0.104221,0.918149,-0.860225,-0.318155,-0.00558489,0.628773,-0.784112,-0.284951,-0.00631733,-0.197424,0.207617,0.541368,-0.0638142,-0.497421,0.214087,0.561571,-0.959838,-0.469832,0.635304,-0.960021,-0.0502029,0.674978,0.421918,0.354167,0.984985,0.964782,0.325541,0.244789,0.391278,-0.0842006,-0.851558,0.0659505,0.590197,0.782525,-0.00619526,-0.965026,0.428999,0.807672,0.515427,0.482589,-0.569384,-0.527757,-0.832087,0.102573,0.0439161,0.745598,-0.54326,0.202185,-0.10654,-0.664846,0.188147,-0.0480667,0.0295724,0.937071,-0.280923,-0.364544,-0.82165,0.485153,0.207373,0.899899,-0.00814844,0.402081,-0.138462,-0.994507,-0.702383,0.848445,-0.809137,-0.92407,0.349223,-0.0268258,-0.744377,0.348003,-0.924131,0.163732,-0.0834071,0.421918
-0.872921,-0.596118,-0.868526,0.727165,-0.190588,-0.210303,-0.658132,0.563768,0.642445,0.835994,-0.416059,-0.440535,-0.524949,0.455123,-0.213233,-0.136937,-0.87109,0.8446,0.477035,-0.466659,0.648305,-0.262795,0.028901,-0.210486,0.550035,-0.349162,-0.0854213,0.260659,0.0737022,-0.861446,-0.0464187,0.236183,0.431623,0.0384838,-0.436811,-0.0844447,0.058504,0.724052,-0.991577,-0.341411,-0.138035,-0.646352,0.651967,-0.765007,0.472213,-0.878903,0.203894,-0.925169,-0.507981,-0.494919,-0.0278024,-0.481796,0.747002,-0.480331,0.112522,0.0655232,-0.464827,0.963988,-0.121921,0.627125,-0.122471,-0.327738,0.869747,0.773675,-0.232643,0.764031,0.28605,0.985961,0.420881,-0.106235,0.173193,-0.0951872,-0.473189,0.501328,0.675039,-0.4185,0.496689,-0.938475,-0.71691,0.727165,-0.28544,0.334635,0.086642,-0.0368358,-0.212867,0.615711,-0.97766,-0.928953,0.793878,0.985229,-0.875179,0.242653,-0.463179,0.55858,-0.223853,-0.670217,0.790704,-0.263405,-0.0438551,-0.905637
0.399518,0.392438,0.569933,-0.541124,-0.377728,-0.864315,0.427778,-0.954344,-0.0904263,-0.38255,0.363323,0.0310984,0.027131,-0.587024,0.902097,-0.718558,-0.177465,-0.758049,0.776482,-0.0674154,0.475631,-0.781182,-0.82403,-0.360271,0.748161,-0.897641,-0.00271615,0.827876,-0.766106,0.546007,0.0939055,0.941282,0.608814,-0.652394,-0.473617,0.694021,-0.119358,-0.300394,-0.187597,0.319437,0.639393,0.43907,0.176672,-0.179418,-0.693106,-0.702628,-0.199194,-0.780084,-0.612781,-0.8493,0.0736412,0.809626,-0.28367,0.269509,0.840876,-0.598865,0.71221,0.568957,0.655263,0.575732,0.624989,-0.141453,-0.973327,0.933897,-0.213294,0.0926237,0.672109,0.345866,0.861507,-0.380169,-0.234779,0.201392,-0.904477,-0.566698,0.187048,-0.340373,0.567003,-0.579089,-0.224464,-0.100497,0.43614,0.614917,0.575671,0.369121,-0.804926,-0.55797,-0.910581,-0.963561,0.918332,-0.0262764,0.525925,0.638844,-0.488083,0.175817,-0.948851,0.933164,0.964415,0.158788,0.0383007,0.94586
0.00961333,-0.419294,0.0491653,-0.5009,0.985229,0.351482,-0.0381176,0.652089,-0.782647,-0.252358,0.122898,-0.018891,-0.528367,-0.894101,0.0182806,0.94995,-0.732597,0.329447,0.513169,0.213538,0.127903,-0.862239,-0.898556,0.868587,0.830256,0.316874,-0.843989,-0.29722,0.655507,0.969115,-0.821345,0.445601,0.638661,-0.236854,0.0500809,-0.98236,0.818598,0.18424,0.279763,0.781182,-0.511887,-0.216041,-0.743767,-0.210425,0.443892,-0.56975,0.496994,0.0378735,0.236549,0.557604,0.89819,0.712333,-0.579455,0.416669,-0.0149236,-0.559252,-0.195654,-0.675344,-0.838252,-0.457747,-0.299783,-0.0846889,0.961364,-0.722526,-0.825556,0.388531,0.295694,-0.90173,-0.702933,-0.239235,-0.294412,0.898129,-0.607776,-0.885189,0.610889,-0.738334,0.287759,0.849971,0.560167,0.715262,-0.434431,-0.0682089,0.480941,0.976379,0.811457,-0.857662,-0.0702841,0.203955,0.864986,0.330119,0.341899,0.248573,-0.930235,-0.340068,0.281655,-0.098117,0.523301,0.863094,0.692251,0.147252
